CREATE DATABASE  IF NOT EXISTS `ThreadCount` /*!40100 DEFAULT CHARACTER SET utf8 */;
USE `ThreadCount`;
-- MySQL dump 10.13  Distrib 5.7.23, for osx10.13 (x86_64)
--
-- Host: localhost    Database: ThreadCount
-- ------------------------------------------------------
-- Server version	5.7.23

/*!40101 SET @OLD_CHARACTER_SET_CLIENT=@@CHARACTER_SET_CLIENT */;
/*!40101 SET @OLD_CHARACTER_SET_RESULTS=@@CHARACTER_SET_RESULTS */;
/*!40101 SET @OLD_COLLATION_CONNECTION=@@COLLATION_CONNECTION */;
/*!40101 SET NAMES utf8 */;
/*!40103 SET @OLD_TIME_ZONE=@@TIME_ZONE */;
/*!40103 SET TIME_ZONE='+00:00' */;
/*!40014 SET @OLD_UNIQUE_CHECKS=@@UNIQUE_CHECKS, UNIQUE_CHECKS=0 */;
/*!40014 SET @OLD_FOREIGN_KEY_CHECKS=@@FOREIGN_KEY_CHECKS, FOREIGN_KEY_CHECKS=0 */;
/*!40101 SET @OLD_SQL_MODE=@@SQL_MODE, SQL_MODE='NO_AUTO_VALUE_ON_ZERO' */;
/*!40111 SET @OLD_SQL_NOTES=@@SQL_NOTES, SQL_NOTES=0 */;

--
-- Table structure for table `comments`
--

DROP TABLE IF EXISTS `comments`;
/*!40101 SET @saved_cs_client     = @@character_set_client */;
/*!40101 SET character_set_client = utf8 */;
CREATE TABLE `comments` (
  `comment_id` int(11) NOT NULL AUTO_INCREMENT,
  `creator_id` int(11) NOT NULL,
  `thread_id` int(11) NOT NULL,
  `content` text,
  `updated_at` timestamp NOT NULL DEFAULT CURRENT_TIMESTAMP ON UPDATE CURRENT_TIMESTAMP,
  `created_at` timestamp NOT NULL DEFAULT CURRENT_TIMESTAMP,
  PRIMARY KEY (`comment_id`,`creator_id`,`thread_id`),
  KEY `fk_comments_threads1_idx` (`thread_id`),
  KEY `fk_comments_users1_idx` (`creator_id`),
  CONSTRAINT `fk_comments_threads1` FOREIGN KEY (`thread_id`) REFERENCES `threads` (`thread_id`) ON DELETE CASCADE ON UPDATE CASCADE,
  CONSTRAINT `fk_comments_users1` FOREIGN KEY (`creator_id`) REFERENCES `users` (`user_id`) ON DELETE NO ACTION ON UPDATE NO ACTION
) ENGINE=InnoDB AUTO_INCREMENT=562 DEFAULT CHARSET=utf8;
/*!40101 SET character_set_client = @saved_cs_client */;

--
-- Dumping data for table `comments`
--

LOCK TABLES `comments` WRITE;
/*!40000 ALTER TABLE `comments` DISABLE KEYS */;
INSERT INTO `comments` VALUES (1,1,73,'Tempora veniam est iste aut soluta. Voluptatem architecto assumenda minus et.','2019-04-28 21:36:54','2019-04-28 21:36:54'),(2,1,73,'Natus vel beatae eos impedit. Et quo qui et impedit omnis illo sed et.','2019-04-28 21:36:54','2019-04-28 21:36:54'),(3,5,73,'Tempore distinctio id blanditiis eaque enim et est. Cumque neque possimus dolorem nam sed quo consectetur.','2019-04-28 21:36:54','2019-04-28 21:36:54'),(4,1,73,'Placeat sint quia vel. Earum ab voluptas officia voluptas in omnis ex. Perferendis modi repellendus sed nobis enim fugit minus.','2019-04-28 21:36:54','2019-04-28 21:36:54'),(5,5,73,'Rerum illo non sint mollitia. Ratione sit itaque et qui.','2019-04-28 21:36:54','2019-04-28 21:36:54'),(6,5,73,'Ut doloremque voluptatibus sed unde. Harum quidem dolores et facilis ratione. Amet officiis repellendus quo et quisquam omnis iusto facere.','2019-04-28 21:36:54','2019-04-28 21:36:54'),(7,1,73,'Unde beatae officia recusandae sed delectus eveniet. Et ipsum eum iusto qui architecto explicabo. Iusto nihil voluptatibus maiores rerum voluptatum quia dolores.','2019-04-28 21:36:54','2019-04-28 21:36:54'),(8,5,73,'Est repudiandae distinctio ut doloremque laborum voluptas. Odit aut expedita impedit reiciendis. Explicabo expedita enim est aut.','2019-04-28 21:36:54','2019-04-28 21:36:54'),(9,5,73,'Iste iure qui ab rerum perspiciatis totam. Aperiam voluptatem distinctio odit aliquid libero. Similique neque est sed eveniet et dolor labore.','2019-04-28 21:36:54','2019-04-28 21:36:54'),(10,1,73,'Recusandae eligendi in optio ut modi. Eos error asperiores sunt dolorum itaque quos debitis.','2019-04-28 21:36:54','2019-04-28 21:36:54'),(11,1,73,'Repudiandae aut ea vero impedit dolores. Aut ea reprehenderit voluptatem neque.','2019-04-28 21:36:54','2019-04-28 21:36:54'),(12,5,73,'Perferendis iste id labore. Ut cum cupiditate fuga repellendus veritatis tempore totam.','2019-04-28 21:36:54','2019-04-28 21:36:54'),(13,1,73,'Aut aliquid nisi quod voluptatum voluptatem quasi. Odit eos dolores iusto assumenda soluta quis qui perspiciatis. Est fugiat praesentium laborum molestias mollitia sunt neque.','2019-04-28 21:36:54','2019-04-28 21:36:54'),(14,5,73,'Aut qui accusamus nisi facere sunt labore qui necessitatibus. Ad tempora repellat ut quaerat.','2019-04-28 21:36:54','2019-04-28 21:36:54'),(15,1,73,'Sed debitis eaque aut soluta. Quos quo aut qui laborum sed blanditiis sequi totam.','2019-04-28 21:36:54','2019-04-28 21:36:54'),(16,5,73,'Voluptas dolor quidem quia quo. Vitae consequatur sed dolor vel corporis temporibus vitae. Quod velit praesentium qui et maxime.','2019-04-28 21:36:54','2019-04-28 21:36:54'),(17,1,73,'Omnis sapiente officiis recusandae architecto in amet iste. Ea aliquam sed distinctio maxime.','2019-04-28 21:36:54','2019-04-28 21:36:54'),(18,7,74,'Aut asperiores quo nulla laboriosam praesentium. Velit ratione aperiam voluptas repudiandae reiciendis reiciendis. Omnis corrupti aliquid eveniet quidem ducimus.','2019-04-28 21:36:54','2019-04-28 21:36:54'),(19,7,74,'Sunt quidem impedit quibusdam minus deleniti quas qui. Aperiam unde et consectetur qui saepe aut nostrum. Quaerat voluptatem optio non doloribus explicabo.','2019-04-28 21:36:54','2019-04-28 21:36:54'),(20,1,74,'Voluptatem sunt autem praesentium ipsa quod inventore possimus consectetur. Sed est ut ab ullam.','2019-04-28 21:36:54','2019-04-28 21:36:54'),(21,7,74,'Quaerat iste non quos eos animi. Debitis architecto sit nesciunt necessitatibus.','2019-04-28 21:36:54','2019-04-28 21:36:54'),(22,6,74,'Rerum et vitae sed cum. Quia delectus nihil autem eligendi est minima.','2019-04-28 21:36:54','2019-04-28 21:36:54'),(23,8,74,'Dolores dignissimos voluptatem et aliquid consectetur amet. Id sint eligendi sit molestiae accusamus. Sit distinctio blanditiis veritatis quaerat sequi eveniet.','2019-04-28 21:36:54','2019-04-28 21:36:54'),(24,6,74,'Nulla est maiores ut quibusdam autem ullam et earum. Eum aut quidem saepe et ut ut dolor.','2019-04-28 21:36:54','2019-04-28 21:36:54'),(25,7,74,'Expedita suscipit maxime vitae et illum labore. Eveniet repellat quia tempore ducimus. Tempore temporibus qui fugiat.','2019-04-28 21:36:54','2019-04-28 21:36:54'),(26,7,74,'Incidunt aliquid rerum eum. Itaque possimus expedita nisi et vero ut qui quia. Quaerat doloribus ut repellendus id.','2019-04-28 21:36:54','2019-04-28 21:36:54'),(27,1,74,'Esse saepe facere sed occaecati quibusdam. Accusantium provident commodi non expedita aliquam.','2019-04-28 21:36:54','2019-04-28 21:36:54'),(28,5,75,'Earum totam voluptatem esse atque et. Unde ullam necessitatibus ullam.','2019-04-28 21:36:54','2019-04-28 21:36:54'),(29,5,76,'Aut sed non nostrum sit. Laboriosam quia et voluptates nemo eos cupiditate qui dicta. Ea nihil error et cumque ad.','2019-04-28 21:36:54','2019-04-28 21:36:54'),(30,11,76,'Et laborum quia dolorem ut asperiores odio at. Sed explicabo porro provident quia. Nisi velit et consequuntur unde autem minus.','2019-04-28 21:36:54','2019-04-28 21:36:54'),(31,11,76,'Dolores harum quia odio veniam. Sit nulla voluptatem illum sunt commodi. Assumenda nam vitae dolores iusto ut vel dolores.','2019-04-28 21:36:54','2019-04-28 21:36:54'),(32,6,76,'Similique quia iste aut quaerat rerum sunt excepturi. Earum soluta iusto et quis velit illo. Unde eum et ipsam ut dolor rerum.','2019-04-28 21:36:54','2019-04-28 21:36:54'),(33,5,76,'Voluptatem ratione blanditiis sit dolorum ipsum aut iusto. Dolorem expedita voluptatum laudantium consequatur quasi quas dolore.','2019-04-28 21:36:54','2019-04-28 21:36:54'),(34,10,76,'Neque minima et dolores amet labore numquam sit. Sunt modi et aut libero inventore quia veniam. Sequi omnis saepe cum voluptatem culpa sunt aut.','2019-04-28 21:36:54','2019-04-28 21:36:54'),(35,1,76,'Est possimus rerum reprehenderit repudiandae sed assumenda. Repudiandae libero qui voluptates aperiam itaque.','2019-04-28 21:36:54','2019-04-28 21:36:54'),(36,9,76,'Laudantium quos dolore neque vitae dolorem omnis dicta quod. Quia nihil minima autem enim quia omnis. Alias et ipsa eos reiciendis excepturi voluptas.','2019-04-28 21:36:54','2019-04-28 21:36:54'),(37,11,76,'Dolores laudantium consequatur rerum unde alias. Occaecati itaque aut et. Corporis dicta quia mollitia.','2019-04-28 21:36:54','2019-04-28 21:36:54'),(38,10,76,'Et odit aspernatur est excepturi aliquid. Quae rerum tenetur qui.','2019-04-28 21:36:54','2019-04-28 21:36:54'),(39,5,76,'Quas at dolore sapiente saepe aut reiciendis. Occaecati doloribus eos velit in.','2019-04-28 21:36:54','2019-04-28 21:36:54'),(40,12,76,'Laudantium a voluptatibus minima quaerat ducimus praesentium porro unde. Officiis iste dolorum ea.','2019-04-28 21:36:54','2019-04-28 21:36:54'),(41,10,77,'Unde exercitationem praesentium temporibus. Dolor eum nemo ut odit accusamus.','2019-04-28 21:36:54','2019-04-28 21:36:54'),(42,12,77,'Deleniti asperiores perferendis distinctio dicta vero sit quia. Quos vel impedit omnis aut consequatur.','2019-04-28 21:36:54','2019-04-28 21:36:54'),(43,7,78,'Velit voluptas adipisci voluptas unde accusamus et. Cum tempore qui est officiis aut assumenda iusto.','2019-04-28 21:36:54','2019-04-28 21:36:54'),(44,10,78,'Reiciendis voluptatem placeat velit consequatur perferendis. Minima nihil cupiditate debitis omnis dolores.','2019-04-28 21:36:54','2019-04-28 21:36:54'),(45,13,78,'Incidunt quia amet architecto reprehenderit animi perferendis. Iusto qui amet et voluptas.','2019-04-28 21:36:54','2019-04-28 21:36:54'),(46,8,78,'Iusto aut laudantium doloremque architecto reiciendis. Eveniet rerum error vero sit et repellat sed. Ratione et quae libero ratione praesentium impedit.','2019-04-28 21:36:54','2019-04-28 21:36:54'),(47,6,78,'Atque tempore aut est maiores omnis. Et earum autem debitis neque.','2019-04-28 21:36:54','2019-04-28 21:36:54'),(48,9,78,'Id tenetur tenetur vero et ea aperiam. Iste tempore praesentium adipisci possimus qui quia magni voluptatem.','2019-04-28 21:36:54','2019-04-28 21:36:54'),(49,1,78,'Aut quod est quia placeat nemo explicabo dignissimos. Delectus harum consectetur sit iusto aut illo tempora.','2019-04-28 21:36:54','2019-04-28 21:36:54'),(50,9,78,'Voluptas blanditiis ipsum qui. Iusto officiis repellendus veritatis qui aspernatur suscipit quae. Voluptatibus ea ad fugiat.','2019-04-28 21:36:54','2019-04-28 21:36:54'),(51,7,78,'Praesentium in eveniet et molestias omnis placeat. Et aut deleniti quis molestiae quae.','2019-04-28 21:36:54','2019-04-28 21:36:54'),(52,7,79,'Aliquid sint consequatur et quia quia tenetur sequi enim. Doloribus voluptatibus dolor ut dolor illo. Fugiat quae dicta temporibus cum ea.','2019-04-28 21:36:54','2019-04-28 21:36:54'),(53,13,79,'Et tenetur officiis corporis sit dolorem quibusdam sit. Iure est cumque ut fugiat amet ea. Neque et adipisci nulla ea eveniet sunt architecto nihil.','2019-04-28 21:36:54','2019-04-28 21:36:54'),(54,8,79,'Consequatur illum qui ut dolorem. Excepturi laboriosam reiciendis ullam eius tempora debitis voluptatem architecto.','2019-04-28 21:36:54','2019-04-28 21:36:54'),(55,13,79,'Officiis quia nesciunt occaecati ea. Natus commodi culpa amet iste quia consequatur. Ut in necessitatibus aut sequi quia eius.','2019-04-28 21:36:54','2019-04-28 21:36:54'),(56,9,79,'Reiciendis ut doloremque quos explicabo. Nihil libero nulla corrupti. Cumque quisquam dolor dolorem distinctio distinctio provident voluptate.','2019-04-28 21:36:54','2019-04-28 21:36:54'),(57,12,79,'Consectetur ad dolorem minus. Non inventore quasi ad quae nisi. Aspernatur eos praesentium aspernatur accusamus.','2019-04-28 21:36:54','2019-04-28 21:36:54'),(58,13,79,'Laborum ullam a aut facere. Et nobis quis illo nisi aliquam doloremque quisquam.','2019-04-28 21:36:54','2019-04-28 21:36:54'),(59,1,79,'Nihil incidunt iure cum ratione minus corrupti. Facere numquam ipsum voluptas dolorem molestias sed eos rerum. Voluptas id voluptatum distinctio.','2019-04-28 21:36:54','2019-04-28 21:36:54'),(60,11,79,'Nemo aspernatur velit et non quidem. Debitis est qui dolor ea molestiae. Dolor odit voluptate iste totam praesentium provident.','2019-04-28 21:36:54','2019-04-28 21:36:54'),(61,6,79,'Amet repellendus qui alias autem ex. Modi rerum dolor expedita eos eligendi cum aut. At at voluptas veniam illum.','2019-04-28 21:36:54','2019-04-28 21:36:54'),(62,7,79,'Ea est veritatis aut. Tempora saepe eaque consectetur pariatur.','2019-04-28 21:36:54','2019-04-28 21:36:54'),(63,8,79,'Quam iste facere sed quo iusto. Voluptatem est voluptas autem libero velit.','2019-04-28 21:36:54','2019-04-28 21:36:54'),(64,13,79,'Enim saepe pariatur sunt ipsum fugit blanditiis. Quo ut et quam dignissimos consequatur non omnis. Quisquam porro nihil eos animi doloribus.','2019-04-28 21:36:54','2019-04-28 21:36:54'),(65,13,79,'Libero in possimus aliquid. Assumenda earum vel voluptatem eligendi aut.','2019-04-28 21:36:54','2019-04-28 21:36:54'),(66,13,79,'Unde nobis at et sequi. Veniam qui ratione aliquid vel officia.','2019-04-28 21:36:54','2019-04-28 21:36:54'),(67,13,79,'Facere et rerum ullam doloremque. In et perspiciatis hic quod.','2019-04-28 21:36:54','2019-04-28 21:36:54'),(68,9,79,'Est delectus repudiandae sed voluptatum ut quis ipsum. Voluptatem omnis possimus corporis asperiores deleniti animi.','2019-04-28 21:36:54','2019-04-28 21:36:54'),(69,6,81,'Omnis atque aut ipsam magnam distinctio veritatis reprehenderit. Repellat ut nostrum quo. Omnis quae labore dolore ipsam ratione veniam.','2019-04-28 21:36:54','2019-04-28 21:36:54'),(70,16,81,'Excepturi praesentium aliquam sed ut culpa rerum omnis. Eius sit autem voluptatem corrupti voluptas.','2019-04-28 21:36:54','2019-04-28 21:36:54'),(71,8,81,'Exercitationem odio facere et placeat. Nemo possimus nulla eligendi nisi vel optio et. Est praesentium debitis quos aliquam quia.','2019-04-28 21:36:54','2019-04-28 21:36:54'),(72,12,81,'Temporibus omnis eos qui at optio. Voluptas rem voluptas error cum et consequuntur. Incidunt natus a occaecati alias laboriosam ut quis.','2019-04-28 21:36:54','2019-04-28 21:36:54'),(73,7,81,'Alias dicta voluptatem quis vel iure est. Error saepe dolorum modi rem et. Ratione asperiores fuga in tenetur modi magnam.','2019-04-28 21:36:54','2019-04-28 21:36:54'),(74,1,81,'Magni dicta odio reiciendis ad eum. Harum sed et voluptas eveniet et et sint. Qui est sequi repellendus aut.','2019-04-28 21:36:54','2019-04-28 21:36:54'),(75,14,81,'In laborum error dolores magni harum mollitia. Id illum possimus quo impedit. Reiciendis quas maxime eveniet corporis.','2019-04-28 21:36:54','2019-04-28 21:36:54'),(76,10,81,'Eligendi sed quisquam velit velit qui. Tenetur ea cum ut voluptates. Ipsum commodi dolor quisquam nisi itaque eligendi.','2019-04-28 21:36:54','2019-04-28 21:36:54'),(77,12,81,'Ipsum ipsum distinctio harum nihil voluptatem. Et amet voluptas dolor eaque explicabo inventore. Est consequatur libero rem harum.','2019-04-28 21:36:54','2019-04-28 21:36:54'),(78,8,81,'Sunt expedita non et sunt repudiandae optio consectetur. Numquam repudiandae excepturi est numquam suscipit minima non.','2019-04-28 21:36:54','2019-04-28 21:36:54'),(79,5,81,'Consectetur aut adipisci totam dolorem. Impedit accusantium nulla ipsam quia tenetur praesentium doloremque non.','2019-04-28 21:36:54','2019-04-28 21:36:54'),(80,11,81,'Et est excepturi et. Et veritatis accusamus quidem cupiditate. Eos aliquam facere cupiditate iure sit.','2019-04-28 21:36:54','2019-04-28 21:36:54'),(81,7,81,'Pariatur harum ullam soluta harum similique. Est quo atque pariatur aut minus.','2019-04-28 21:36:54','2019-04-28 21:36:54'),(82,10,81,'Sint omnis aspernatur et adipisci id qui quis facilis. Dignissimos saepe debitis dicta praesentium ex aut ipsa sed.','2019-04-28 21:36:54','2019-04-28 21:36:54'),(83,8,81,'Nulla tenetur non sunt ex est ipsam. Et repellat libero reprehenderit.','2019-04-28 21:36:54','2019-04-28 21:36:54'),(84,15,81,'Et ut nihil laborum ipsam rerum sed. Ducimus laboriosam harum et a et asperiores quidem. Saepe eligendi consequatur voluptate voluptas nemo fugiat.','2019-04-28 21:36:54','2019-04-28 21:36:54'),(85,14,81,'Quo delectus hic cumque qui voluptatem aut dolor. Molestiae nihil incidunt nihil deserunt. Ut officiis vero eum soluta et.','2019-04-28 21:36:54','2019-04-28 21:36:54'),(86,16,81,'Quam aut sed enim non non molestiae asperiores necessitatibus. Consequatur error sed quo et. In nulla eaque omnis.','2019-04-28 21:36:55','2019-04-28 21:36:55'),(87,5,81,'Aut reiciendis aut omnis esse similique beatae. Et est ut aut in.','2019-04-28 21:36:55','2019-04-28 21:36:55'),(88,12,82,'Quo molestiae natus et. Ipsum necessitatibus explicabo fugiat.','2019-04-28 21:36:55','2019-04-28 21:36:55'),(89,6,82,'Esse nisi dolores est aut quaerat odio voluptate veritatis. Dolorem ex aut natus at provident dolores deserunt. Ipsam consequatur voluptatem omnis ea repellendus nemo.','2019-04-28 21:36:55','2019-04-28 21:36:55'),(90,10,82,'Odit soluta odio eos quisquam. Qui qui et aperiam.','2019-04-28 21:36:55','2019-04-28 21:36:55'),(91,6,82,'Adipisci ea perferendis nostrum a. Distinctio eum qui qui quam sed.','2019-04-28 21:36:55','2019-04-28 21:36:55'),(92,7,82,'Sit deleniti consequuntur ea optio. Ut dolor quasi eveniet nam id qui dolores.','2019-04-28 21:36:55','2019-04-28 21:36:55'),(93,13,82,'Voluptatum blanditiis debitis quibusdam maiores doloribus omnis praesentium. Enim dolor odio voluptas facilis occaecati sit.','2019-04-28 21:36:55','2019-04-28 21:36:55'),(94,14,82,'Quia voluptatem qui facilis iste eius adipisci. Velit est quam sit dolorem sint.','2019-04-28 21:36:55','2019-04-28 21:36:55'),(95,12,82,'Eum dolorem delectus earum suscipit sed sit impedit aut. A soluta est facilis incidunt repellat quasi.','2019-04-28 21:36:55','2019-04-28 21:36:55'),(96,16,82,'Tenetur labore quo nisi illo omnis recusandae occaecati. Molestiae fuga recusandae accusantium quibusdam dignissimos.','2019-04-28 21:36:55','2019-04-28 21:36:55'),(97,14,82,'Saepe et maiores tempora omnis in. Perspiciatis dignissimos repudiandae et in sint ut et.','2019-04-28 21:36:55','2019-04-28 21:36:55'),(98,9,82,'Minima similique ut sed ipsam omnis facere ex. Laborum sit architecto alias dolorem quasi.','2019-04-28 21:36:55','2019-04-28 21:36:55'),(99,13,82,'Doloremque voluptatibus sint dolorem a corporis. Asperiores et omnis est molestiae sint provident rem.','2019-04-28 21:36:55','2019-04-28 21:36:55'),(100,13,82,'Aperiam provident ut tenetur ut ex. Aut ut minima enim tempore fuga ipsam.','2019-04-28 21:36:55','2019-04-28 21:36:55'),(101,8,82,'Voluptatem eos omnis at id. Excepturi dolor natus aut magni quae. Dolor aliquid provident ut consequatur.','2019-04-28 21:36:55','2019-04-28 21:36:55'),(102,9,82,'Repudiandae cum enim et veritatis. Temporibus occaecati voluptatem voluptatem molestiae. Aut aliquid sit aut laboriosam.','2019-04-28 21:36:55','2019-04-28 21:36:55'),(103,9,82,'Earum pariatur iure nobis minima sunt. Optio distinctio nulla vitae.','2019-04-28 21:36:55','2019-04-28 21:36:55'),(104,5,83,'Sapiente consequatur deserunt sit est accusamus autem at. Autem dolores nihil libero quasi reiciendis rerum reprehenderit quos.','2019-04-28 21:36:55','2019-04-28 21:36:55'),(105,11,83,'Velit dolor quia quia molestias omnis accusantium corporis. Veritatis consequatur quo dolores quo incidunt asperiores placeat. Voluptatum quis quasi et adipisci unde voluptate et.','2019-04-28 21:36:55','2019-04-28 21:36:55'),(106,5,83,'Aliquid illo saepe tenetur nesciunt aut eveniet repudiandae. Voluptatem deleniti eaque rerum temporibus.','2019-04-28 21:36:55','2019-04-28 21:36:55'),(107,6,83,'Et perferendis officia ipsam at tenetur commodi fuga. Laudantium aut dolore est dolor deserunt alias necessitatibus.','2019-04-28 21:36:55','2019-04-28 21:36:55'),(108,12,83,'Recusandae voluptatem accusamus culpa cum. Illum debitis fuga dolorum distinctio corrupti quis aut possimus. Incidunt iste ut hic necessitatibus optio delectus architecto.','2019-04-28 21:36:55','2019-04-28 21:36:55'),(109,12,83,'Fugit voluptas quia cum. Eius non rerum minima modi laborum tempora inventore. Qui consequatur vitae aliquam in ut laborum mollitia.','2019-04-28 21:36:55','2019-04-28 21:36:55'),(110,8,83,'Enim voluptate at ipsam explicabo rerum. Velit dolorem aliquid quibusdam quidem est.','2019-04-28 21:36:55','2019-04-28 21:36:55'),(111,10,83,'Et adipisci dolores facere autem tempora animi odit non. Atque tempora assumenda nam dicta debitis adipisci suscipit omnis. Ab a molestiae unde in.','2019-04-28 21:36:55','2019-04-28 21:36:55'),(112,11,83,'Consequuntur et itaque ratione dolorem. Deleniti qui inventore et molestias sed rerum laudantium.','2019-04-28 21:36:55','2019-04-28 21:36:55'),(113,7,83,'Ipsa aut similique ut dolores unde explicabo explicabo. Quaerat et quos aspernatur.','2019-04-28 21:36:55','2019-04-28 21:36:55'),(114,13,84,'Nemo nobis aut libero dolor et voluptatem. Corrupti quam unde consequatur. Est aperiam ea non voluptas nostrum consequatur natus.','2019-04-28 21:36:55','2019-04-28 21:36:55'),(115,8,84,'Quas in molestiae nam. Ut error recusandae facilis facere nobis quas. Blanditiis dicta aut impedit ex.','2019-04-28 21:36:55','2019-04-28 21:36:55'),(116,12,85,'Deleniti commodi voluptatem nihil occaecati et sed adipisci. Fugit qui aut voluptatum et minima id illo. Earum at aut non omnis rerum quis.','2019-04-28 21:36:55','2019-04-28 21:36:55'),(117,7,85,'Perferendis distinctio voluptatem quisquam aut corporis saepe numquam sed. Ad ea dolore omnis quo qui sapiente. Quod voluptas ut voluptates magni amet nihil in.','2019-04-28 21:36:55','2019-04-28 21:36:55'),(118,15,85,'Iusto dolor repellat et velit quia sed dolorem. Eum ut quisquam voluptatibus necessitatibus rerum quisquam consequatur.','2019-04-28 21:36:55','2019-04-28 21:36:55'),(119,16,85,'Neque consequatur et quam odit nisi. Optio eaque nisi dicta eaque est dignissimos molestiae sequi.','2019-04-28 21:36:55','2019-04-28 21:36:55'),(120,10,85,'Harum laboriosam accusamus natus non. Sed veniam ut tempora voluptatem omnis. Omnis ex est sint.','2019-04-28 21:36:55','2019-04-28 21:36:55'),(121,10,85,'Omnis alias sunt velit. Eveniet at architecto qui non et.','2019-04-28 21:36:55','2019-04-28 21:36:55'),(122,5,85,'Et aut quo ea quisquam molestias cupiditate vel. Debitis quia quia iure debitis veniam nostrum.','2019-04-28 21:36:55','2019-04-28 21:36:55'),(123,15,85,'Non voluptas neque rerum alias. Quae eum temporibus dolorem exercitationem. Voluptatem doloribus dicta expedita maxime debitis consectetur.','2019-04-28 21:36:55','2019-04-28 21:36:55'),(124,16,85,'Facere aut officiis ea quasi est. Illo placeat quasi provident possimus non quos. Repudiandae saepe architecto quidem voluptatem aut delectus.','2019-04-28 21:36:55','2019-04-28 21:36:55'),(125,14,85,'Nesciunt ut sunt non ipsa. Animi facere dolores dolorum quaerat in ipsa eaque.','2019-04-28 21:36:55','2019-04-28 21:36:55'),(126,5,85,'Aperiam ipsam ipsam est nam inventore libero. Adipisci officiis sed expedita et.','2019-04-28 21:36:55','2019-04-28 21:36:55'),(127,15,85,'Ex cumque deserunt et eos pariatur at. Alias pariatur corrupti vel provident.','2019-04-28 21:36:55','2019-04-28 21:36:55'),(128,11,85,'Atque ut neque quasi ea architecto vel veritatis temporibus. Magni et repellendus quidem quos consequatur.','2019-04-28 21:36:55','2019-04-28 21:36:55'),(129,5,86,'Consequatur velit suscipit sit repellat sed. Iure ut commodi aut amet consequatur animi quaerat beatae. Est molestiae tenetur velit illo rerum.','2019-04-28 21:36:55','2019-04-28 21:36:55'),(130,9,86,'Facere tempora voluptas saepe minus rem. Omnis suscipit quia totam aut quia pariatur.','2019-04-28 21:36:55','2019-04-28 21:36:55'),(131,8,86,'Doloribus accusamus fugit et ut. Voluptatum expedita nihil et mollitia. Itaque sapiente consequatur et minus.','2019-04-28 21:36:55','2019-04-28 21:36:55'),(132,8,86,'Consequatur sint sit et magnam dolore non vel. Voluptatem voluptas rerum velit qui. Distinctio placeat in est maiores eos reiciendis voluptatem.','2019-04-28 21:36:55','2019-04-28 21:36:55'),(133,6,86,'Debitis occaecati quaerat dicta nesciunt minus sit. Reiciendis ad recusandae corrupti cupiditate id. In quidem ut eveniet velit.','2019-04-28 21:36:55','2019-04-28 21:36:55'),(134,16,86,'Neque id ipsam voluptate sint quis rerum eveniet. Cumque quidem nihil est accusamus. Quaerat expedita consequatur esse est facilis.','2019-04-28 21:36:55','2019-04-28 21:36:55'),(135,7,86,'Omnis beatae quo corporis adipisci voluptatem. Molestiae adipisci quia autem autem voluptas. Culpa quos tenetur quod molestiae dolor est et.','2019-04-28 21:36:55','2019-04-28 21:36:55'),(136,12,86,'Laborum ullam provident eveniet beatae quo doloribus et. Id sunt dignissimos eveniet modi atque. Provident ipsa numquam adipisci aut accusantium eligendi assumenda.','2019-04-28 21:36:55','2019-04-28 21:36:55'),(137,15,86,'Iusto porro distinctio excepturi sit. Iure quas non cum ut sed. Dolor unde eos quas dolor qui nihil amet.','2019-04-28 21:36:55','2019-04-28 21:36:55'),(138,8,86,'Nobis rerum vitae dolores earum dolorem dolorum. Ut minima iure dolor ea voluptas temporibus.','2019-04-28 21:36:55','2019-04-28 21:36:55'),(139,14,86,'Repudiandae nesciunt labore et ea. Dolores voluptatem unde atque a. Voluptatem eveniet consequatur autem in.','2019-04-28 21:36:55','2019-04-28 21:36:55'),(140,12,86,'Et quod dolores dolores voluptates iure optio quia et. Magni optio accusamus laboriosam aliquid. Dignissimos repellendus ea labore est nisi.','2019-04-28 21:36:55','2019-04-28 21:36:55'),(141,11,86,'Nihil alias qui nam adipisci et aut. Natus nihil molestiae qui. Distinctio enim unde labore reiciendis sit exercitationem at dolore.','2019-04-28 21:36:55','2019-04-28 21:36:55'),(142,5,86,'Repellendus tempore tempora ipsum animi dolor possimus. Vel exercitationem voluptatem nostrum dolorem. Facilis tempore sit quisquam qui ex.','2019-04-28 21:36:55','2019-04-28 21:36:55'),(143,11,86,'Labore reprehenderit et eum maxime quasi sapiente et. Dolorum impedit consectetur in pariatur voluptate qui nesciunt.','2019-04-28 21:36:55','2019-04-28 21:36:55'),(144,9,87,'Aliquam veritatis sit corrupti architecto accusamus. Nobis mollitia vel et sit soluta et.','2019-04-28 21:36:55','2019-04-28 21:36:55'),(145,6,87,'Excepturi et natus rerum iure rerum. Est sed earum sint et iusto ducimus tenetur ratione.','2019-04-28 21:36:55','2019-04-28 21:36:55'),(146,12,87,'Deserunt et at aut et et est. Autem omnis adipisci accusamus voluptas aut tempore.','2019-04-28 21:36:55','2019-04-28 21:36:55'),(147,12,87,'Quis voluptas odio sunt ratione recusandae. Impedit et doloremque nisi qui cumque expedita. Molestias facere voluptatem fugit dolor nisi nisi.','2019-04-28 21:36:55','2019-04-28 21:36:55'),(148,14,87,'Quia quo assumenda ut excepturi. Quod optio repellat mollitia est.','2019-04-28 21:36:55','2019-04-28 21:36:55'),(149,13,87,'Velit architecto omnis ea occaecati fugiat exercitationem. Aspernatur dolorem maxime veniam aut consectetur.','2019-04-28 21:36:55','2019-04-28 21:36:55'),(150,12,87,'Autem ut eligendi voluptas quas. Rem iusto molestias in voluptatem officiis eius eos aut.','2019-04-28 21:36:55','2019-04-28 21:36:55'),(151,17,87,'Et sit architecto rem fuga laborum explicabo beatae. Nostrum quis optio distinctio non rerum.','2019-04-28 21:36:55','2019-04-28 21:36:55'),(152,8,87,'Aut possimus ab quidem id sit. Doloribus harum sint rerum modi necessitatibus iusto ut.','2019-04-28 21:36:55','2019-04-28 21:36:55'),(153,8,88,'Voluptatem molestiae optio quo sequi cum molestiae. Sit impedit debitis a illo.','2019-04-28 21:36:55','2019-04-28 21:36:55'),(154,13,88,'Quisquam totam pariatur assumenda recusandae maiores. Maxime quisquam earum laborum mollitia sint.','2019-04-28 21:36:55','2019-04-28 21:36:55'),(155,9,88,'Deleniti animi deserunt recusandae ullam modi natus architecto et. Voluptatem et natus aliquam omnis similique adipisci.','2019-04-28 21:36:55','2019-04-28 21:36:55'),(156,13,88,'Ut enim ea recusandae sint deserunt dolorem. Quidem suscipit ab aspernatur nostrum mollitia praesentium eum.','2019-04-28 21:36:55','2019-04-28 21:36:55'),(157,17,88,'Quo incidunt eius sit dolor. Dolorum vero exercitationem sequi quasi delectus culpa temporibus voluptate.','2019-04-28 21:36:55','2019-04-28 21:36:55'),(158,13,88,'Placeat in non id labore. Architecto voluptas aliquam id eum aspernatur. Ut aut sequi quis sed.','2019-04-28 21:36:55','2019-04-28 21:36:55'),(159,12,89,'Illo necessitatibus eos ea impedit distinctio eos. Perferendis velit illo doloremque explicabo impedit nostrum nulla.','2019-04-28 21:36:55','2019-04-28 21:36:55'),(160,12,90,'Possimus ex et perferendis animi. Veritatis suscipit laborum maxime soluta ut ea aliquid.','2019-04-28 21:36:55','2019-04-28 21:36:55'),(161,17,90,'Unde adipisci quod commodi blanditiis. Nesciunt dolore quasi perspiciatis cupiditate.','2019-04-28 21:36:55','2019-04-28 21:36:55'),(162,9,90,'Quis sint dolorem cum officiis provident quia incidunt. Nihil soluta fugit iste magnam ipsam sed. Omnis dignissimos est incidunt nostrum.','2019-04-28 21:36:55','2019-04-28 21:36:55'),(163,11,90,'Esse voluptatum sunt laudantium nihil sint suscipit unde. Qui est modi non et consequatur. Architecto unde inventore aut quas.','2019-04-28 21:36:55','2019-04-28 21:36:55'),(164,17,90,'Tempore eum quo soluta. Recusandae deserunt ipsum aut quam aut ratione.','2019-04-28 21:36:55','2019-04-28 21:36:55'),(165,6,90,'Quis modi vel odio nihil odio dolor voluptate. Necessitatibus sunt eligendi consequatur quo aliquam ducimus adipisci pariatur.','2019-04-28 21:36:55','2019-04-28 21:36:55'),(166,5,90,'Temporibus vero voluptas sint voluptatem qui quis. Sunt non illo laborum blanditiis quisquam. Atque nesciunt fugiat exercitationem pariatur eaque non.','2019-04-28 21:36:55','2019-04-28 21:36:55'),(167,18,90,'Quo rerum sapiente molestiae ea incidunt asperiores nihil. Consectetur qui ut beatae.','2019-04-28 21:36:55','2019-04-28 21:36:55'),(168,14,90,'Molestiae sunt omnis incidunt minima qui. Id temporibus qui occaecati voluptas quisquam voluptatem.','2019-04-28 21:36:55','2019-04-28 21:36:55'),(169,14,90,'Corporis totam autem dignissimos. Ea perferendis est similique ut.','2019-04-28 21:36:55','2019-04-28 21:36:55'),(170,18,90,'Aperiam dolores error alias aspernatur. Expedita reprehenderit reprehenderit enim. Illum necessitatibus suscipit et sapiente ut magni.','2019-04-28 21:36:55','2019-04-28 21:36:55'),(171,14,90,'Explicabo inventore culpa rerum ut cumque et vel. Consequatur veniam dolor dolor quia ut sunt quisquam illo. Commodi tenetur voluptatem odit laborum quos debitis repudiandae.','2019-04-28 21:36:55','2019-04-28 21:36:55'),(172,8,90,'Aliquam ut minima est modi. Voluptatem ipsa praesentium sed consequatur doloremque tempora. Veritatis ipsum nihil est quam aut quasi.','2019-04-28 21:36:55','2019-04-28 21:36:55'),(173,5,90,'Magnam ut voluptates sapiente deserunt distinctio. Quia maxime atque quis.','2019-04-28 21:36:55','2019-04-28 21:36:55'),(174,10,90,'Nisi unde id fugit vitae dolorem labore. Facere corrupti sequi repellendus impedit nulla et autem a.','2019-04-28 21:36:55','2019-04-28 21:36:55'),(175,12,90,'Occaecati aut quia voluptates molestias. Animi tempora assumenda recusandae consequatur modi.','2019-04-28 21:36:55','2019-04-28 21:36:55'),(176,17,90,'Nihil architecto ut voluptas. Tempora temporibus necessitatibus impedit ducimus quo.','2019-04-28 21:36:55','2019-04-28 21:36:55'),(177,12,91,'Est quo vero eum hic fugiat est. Aut omnis cum tenetur laudantium vel saepe.','2019-04-28 21:36:55','2019-04-28 21:36:55'),(178,29,91,'Ea eveniet laboriosam consequatur eius quia quaerat beatae. Deleniti quia culpa dolore maiores. Neque est saepe aliquid accusantium distinctio debitis suscipit.','2019-04-28 21:36:55','2019-04-28 21:36:55'),(179,23,91,'Quaerat dolor voluptatem voluptatibus impedit laboriosam quaerat qui et. Sunt sunt deleniti dicta tenetur officia laudantium aut. Aut voluptatem ut vel assumenda provident amet sit voluptatum.','2019-04-28 21:36:55','2019-04-28 21:36:55'),(180,1,91,'Quo quae eaque cupiditate nam. Id officiis quis voluptatum provident. Aut officia illum totam sunt et aspernatur.','2019-04-28 21:36:55','2019-04-28 21:36:55'),(181,29,91,'Et rem deleniti aut laboriosam sed cum. Voluptatibus voluptas laboriosam nisi fuga. Et architecto deleniti et aut et aut necessitatibus qui.','2019-04-28 21:36:55','2019-04-28 21:36:55'),(182,10,93,'Ratione sint nobis tempore tempora. Maiores quia nostrum odit neque et adipisci est. Cumque voluptas quasi vel reiciendis.','2019-04-28 21:36:55','2019-04-28 21:36:55'),(183,19,93,'Ipsam corporis quo omnis temporibus doloribus. Ad mollitia dolore error harum recusandae.','2019-04-28 21:36:55','2019-04-28 21:36:55'),(184,22,93,'Aut deserunt asperiores et. Sed repudiandae sit iure est sunt eos possimus. Voluptatem quasi voluptatem ut ipsum soluta.','2019-04-28 21:36:55','2019-04-28 21:36:55'),(185,28,93,'Sequi voluptates exercitationem officiis autem. Perferendis dignissimos quisquam sunt doloribus. Omnis tempora voluptate quasi impedit.','2019-04-28 21:36:55','2019-04-28 21:36:55'),(186,20,93,'Voluptatem beatae a ullam tempore. Illo est itaque qui temporibus deleniti fugiat sit est. Accusantium asperiores aut tenetur dolorum cupiditate sed necessitatibus aliquid.','2019-04-28 21:36:55','2019-04-28 21:36:55'),(187,12,93,'A doloribus laborum quas voluptas et temporibus ipsum aut. Et excepturi vero modi necessitatibus necessitatibus.','2019-04-28 21:36:55','2019-04-28 21:36:55'),(188,32,93,'Quam minus in facilis minima necessitatibus sed non. Beatae ducimus delectus dolorum consequatur voluptas eum. Ut ut expedita sapiente minima tempora.','2019-04-28 21:36:55','2019-04-28 21:36:55'),(189,12,94,'In odit cupiditate ab qui distinctio. Dolorum omnis aut cumque.','2019-04-28 21:36:55','2019-04-28 21:36:55'),(190,1,94,'Doloribus commodi asperiores et excepturi earum quia voluptas ducimus. Aliquam a nemo quo.','2019-04-28 21:36:55','2019-04-28 21:36:55'),(191,1,94,'Odit voluptate quia sint illum et maiores fugit nesciunt. Aut voluptas numquam impedit omnis ea dignissimos adipisci fugiat.','2019-04-28 21:36:55','2019-04-28 21:36:55'),(192,32,94,'Consequatur accusantium exercitationem quod. Ut ut ullam hic.','2019-04-28 21:36:55','2019-04-28 21:36:55'),(193,15,94,'Magni ipsam est mollitia facilis quo sit. Sed qui veritatis quia quo. Aut et dolor facere quia possimus.','2019-04-28 21:36:55','2019-04-28 21:36:55'),(194,25,94,'Iusto delectus aperiam et facilis vero velit. Enim non quos vero nesciunt. Dicta ea quo velit quis voluptatem optio.','2019-04-28 21:36:55','2019-04-28 21:36:55'),(195,5,94,'Dolore recusandae delectus quae nisi qui aspernatur est. Dolor id omnis earum neque. Et sed in eum magni.','2019-04-28 21:36:55','2019-04-28 21:36:55'),(196,26,94,'Veritatis enim voluptatem nostrum ut eos sed eveniet. Aut aut sunt voluptates aliquid beatae. Iste excepturi maiores saepe veniam totam autem odit.','2019-04-28 21:36:55','2019-04-28 21:36:55'),(197,6,94,'Quasi harum et veniam veritatis. Aut repudiandae sit laborum quae. Sit sed modi officiis odio non sed et.','2019-04-28 21:36:55','2019-04-28 21:36:55'),(198,11,94,'Veniam sequi harum qui. Nihil voluptatem facilis autem officiis qui qui ut ut.','2019-04-28 21:36:55','2019-04-28 21:36:55'),(199,17,94,'Facere assumenda consectetur quia vitae voluptas et qui. Qui delectus laudantium aut architecto possimus.','2019-04-28 21:36:55','2019-04-28 21:36:55'),(200,24,95,'Repellat quasi et et excepturi sint. Voluptatem sint illum nobis.','2019-04-28 21:36:55','2019-04-28 21:36:55'),(201,8,95,'Nobis voluptatem unde numquam aliquid debitis quod. Temporibus molestiae modi impedit omnis nesciunt inventore consequatur. Explicabo tempore eligendi ut molestias.','2019-04-28 21:36:55','2019-04-28 21:36:55'),(202,13,95,'Assumenda ipsa et dignissimos. Praesentium voluptate delectus sint soluta vitae voluptas odio.','2019-04-28 21:36:55','2019-04-28 21:36:55'),(203,36,95,'Amet blanditiis quis aut accusamus ea. Autem fugiat veritatis natus commodi qui delectus aut ut. Aut perferendis qui molestiae quaerat dolore sint iste.','2019-04-28 21:36:55','2019-04-28 21:36:55'),(204,24,95,'Et voluptate hic rem et beatae ab. Quia delectus accusantium est soluta.','2019-04-28 21:36:55','2019-04-28 21:36:55'),(205,13,95,'Voluptate ea sed dolorum amet sequi. Et neque deleniti architecto facere dicta similique. Saepe sunt vel consequatur facere molestias necessitatibus molestiae.','2019-04-28 21:36:55','2019-04-28 21:36:55'),(206,40,96,'Et tempora amet nihil et aliquam. Hic in vel qui deserunt sapiente.','2019-04-28 21:36:55','2019-04-28 21:36:55'),(207,32,96,'Reiciendis suscipit sit dolor at. Eos itaque ut eligendi sed iusto quam itaque aspernatur. Sint ipsa minima molestiae.','2019-04-28 21:36:55','2019-04-28 21:36:55'),(208,44,96,'Est ipsam quisquam saepe similique voluptatum aliquam non et. Libero repellendus nesciunt accusamus. Repellendus voluptatibus at repudiandae aut.','2019-04-28 21:36:55','2019-04-28 21:36:55'),(209,44,96,'Eveniet esse enim magnam optio est ut quidem eaque. Velit voluptates ab praesentium quis. Odit consequatur odit necessitatibus omnis.','2019-04-28 21:36:55','2019-04-28 21:36:55'),(210,16,96,'Beatae dolores est aut officiis dolor. Sint est labore laborum animi reprehenderit.','2019-04-28 21:36:55','2019-04-28 21:36:55'),(211,40,96,'Voluptas commodi qui delectus. Aut officiis ratione cumque vitae.','2019-04-28 21:36:55','2019-04-28 21:36:55'),(212,41,96,'Voluptas nulla reiciendis qui. Et tenetur aut sunt maiores dolor nam alias et. Suscipit ut ducimus officiis explicabo mollitia dignissimos.','2019-04-28 21:36:55','2019-04-28 21:36:55'),(213,36,96,'Enim quasi esse qui voluptatem quam non temporibus. Sed deleniti optio sed illo.','2019-04-28 21:36:55','2019-04-28 21:36:55'),(214,32,96,'Omnis molestiae nemo assumenda et velit. Ut et fugit optio numquam numquam repudiandae praesentium.','2019-04-28 21:36:55','2019-04-28 21:36:55'),(215,26,96,'Est modi enim similique veniam quasi. Et doloribus excepturi odit unde quibusdam tempora. Est quidem molestiae possimus porro repudiandae hic placeat.','2019-04-28 21:36:55','2019-04-28 21:36:55'),(216,42,96,'Labore debitis quae consequatur officia et. Et reprehenderit blanditiis saepe quia est. Nesciunt enim accusamus doloremque enim rerum.','2019-04-28 21:36:55','2019-04-28 21:36:55'),(217,33,96,'Quo adipisci eveniet ipsa. Officiis ratione veniam aut itaque voluptatem. Omnis ipsa autem recusandae perspiciatis.','2019-04-28 21:36:55','2019-04-28 21:36:55'),(218,34,96,'Nihil quia recusandae ut eius. Dolores rerum soluta perspiciatis ab modi adipisci. Sint quos rerum esse consequatur ipsam.','2019-04-28 21:36:55','2019-04-28 21:36:55'),(219,30,96,'Velit qui ratione natus at omnis. Non in suscipit necessitatibus tempora voluptatem recusandae porro. Saepe totam sed doloribus.','2019-04-28 21:36:55','2019-04-28 21:36:55'),(220,8,96,'Perferendis rerum quia debitis est. Pariatur voluptates qui iste dignissimos non eum iure. Autem voluptatem in officia tempore qui nulla.','2019-04-28 21:36:55','2019-04-28 21:36:55'),(221,19,96,'Exercitationem iure aliquid est mollitia est necessitatibus corrupti. Quos eligendi ex facilis maxime veritatis. Ut earum consequatur enim quaerat.','2019-04-28 21:36:55','2019-04-28 21:36:55'),(222,13,96,'Omnis aperiam quam et atque rerum autem blanditiis. Nisi vero rem quia officiis fugiat quia. Aperiam culpa quia aliquam est.','2019-04-28 21:36:55','2019-04-28 21:36:55'),(223,19,96,'Aut qui aut iusto voluptas similique dolorum. In illo veritatis deserunt blanditiis reiciendis et magni sed. Distinctio libero quos soluta necessitatibus.','2019-04-28 21:36:55','2019-04-28 21:36:55'),(224,12,96,'Commodi voluptatibus vel voluptate ipsa quos eaque. Numquam rerum libero magnam repudiandae et iure ut aliquam. Tempore velit illo exercitationem maxime.','2019-04-28 21:36:55','2019-04-28 21:36:55'),(225,15,96,'Deleniti rerum quae saepe officiis eum. Sit fuga sit at iure. Aut quia tempore a eius.','2019-04-28 21:36:55','2019-04-28 21:36:55'),(226,16,97,'Autem iure ea voluptatum qui ducimus ipsam ipsum. Repudiandae excepturi iure non ut consectetur voluptas iusto. In ipsum dignissimos dolores aut quibusdam a.','2019-04-28 21:36:55','2019-04-28 21:36:55'),(227,17,97,'Enim voluptatem quasi rerum explicabo corporis error quo exercitationem. Autem ab voluptatem ducimus quos ea commodi. Sint minus consequatur mollitia sequi deleniti.','2019-04-28 21:36:55','2019-04-28 21:36:55'),(228,15,97,'Enim deleniti sunt quia neque. Atque occaecati aut dolorem modi. Iure laboriosam consequatur officia.','2019-04-28 21:36:55','2019-04-28 21:36:55'),(229,36,97,'Quis cum sit accusantium tempora animi. Voluptatem dolores ea dolorem enim ipsum voluptatem voluptas cumque.','2019-04-28 21:36:55','2019-04-28 21:36:55'),(230,22,98,'Officia sit nisi suscipit dignissimos voluptate nihil voluptas. Dignissimos numquam dolores non aperiam odit ducimus.','2019-04-28 21:36:55','2019-04-28 21:36:55'),(231,41,98,'Est suscipit rerum ut provident est quaerat. Distinctio ut laborum est assumenda ea.','2019-04-28 21:36:55','2019-04-28 21:36:55'),(232,34,98,'Repellat nostrum sed vel labore enim. Voluptatum dolore enim accusantium. Et aut quae aut dolor voluptates.','2019-04-28 21:36:55','2019-04-28 21:36:55'),(233,27,98,'Corrupti possimus modi qui est dolor perspiciatis. Perferendis quod soluta tempora ut minima quia impedit. Ducimus quaerat odio quia accusamus hic.','2019-04-28 21:36:55','2019-04-28 21:36:55'),(234,25,98,'Dicta corporis at totam quia. Eum non omnis amet tenetur aut aperiam. Vitae sint omnis rerum quia pariatur illum incidunt ut.','2019-04-28 21:36:55','2019-04-28 21:36:55'),(235,31,98,'Adipisci et nemo tempore. Cupiditate fuga est ipsa minus repellat dolor aut.','2019-04-28 21:36:55','2019-04-28 21:36:55'),(236,5,98,'Incidunt nulla ad explicabo sapiente nihil. A sint earum sint mollitia quisquam eum nostrum deleniti. Ut sunt aut recusandae repellat quis culpa et.','2019-04-28 21:36:55','2019-04-28 21:36:55'),(237,17,98,'Esse itaque rerum non ipsam autem. Pariatur sed at aliquam quia et rerum et. Voluptates omnis error officia ea minima aut voluptas alias.','2019-04-28 21:36:55','2019-04-28 21:36:55'),(238,20,98,'Fugiat magnam nobis id nihil. Temporibus ratione vitae fugit nemo dolore porro cupiditate.','2019-04-28 21:36:55','2019-04-28 21:36:55'),(239,13,98,'Architecto quidem eum quisquam fuga. Quaerat eligendi temporibus perferendis veniam illum.','2019-04-28 21:36:55','2019-04-28 21:36:55'),(240,46,98,'Minima explicabo eius molestias placeat similique. Cumque quo reiciendis ea. Omnis totam animi ad inventore esse facere.','2019-04-28 21:36:55','2019-04-28 21:36:55'),(241,35,98,'Eos non nihil corrupti quisquam. Qui suscipit et est ipsam voluptas et.','2019-04-28 21:36:55','2019-04-28 21:36:55'),(242,8,98,'Voluptatem error omnis et sit laboriosam qui. Voluptas qui commodi tempore dolores maxime. Quidem omnis in nihil vel ut.','2019-04-28 21:36:55','2019-04-28 21:36:55'),(243,32,98,'Similique cupiditate dolore recusandae. Cumque fugit laboriosam excepturi consequatur.','2019-04-28 21:36:55','2019-04-28 21:36:55'),(244,46,98,'Amet hic amet dicta dignissimos id est et sit. Voluptatum minima nam minima provident non pariatur officia. Maiores et nesciunt assumenda molestiae dolor.','2019-04-28 21:36:55','2019-04-28 21:36:55'),(245,34,98,'Quia nisi autem atque explicabo suscipit et voluptas assumenda. Porro id aut quo odit corporis.','2019-04-28 21:36:55','2019-04-28 21:36:55'),(246,33,98,'Harum laboriosam quas corrupti alias quia fugit tempore sit. Alias ipsam facere neque et.','2019-04-28 21:36:55','2019-04-28 21:36:55'),(247,1,98,'Et amet atque ea sed. Iste quisquam atque molestias quisquam. Aspernatur nihil nisi nesciunt rerum at voluptate commodi sint.','2019-04-28 21:36:55','2019-04-28 21:36:55'),(248,21,98,'Nulla voluptatum et laudantium voluptatum est saepe. Aut natus commodi maiores nostrum.','2019-04-28 21:36:55','2019-04-28 21:36:55'),(249,6,99,'Enim sit magnam distinctio commodi deserunt aperiam dolor facilis. Eum eveniet recusandae sint accusamus.','2019-04-28 21:36:55','2019-04-28 21:36:55'),(250,10,99,'Deserunt sapiente adipisci optio. Atque voluptatibus dolores quia fugit in consequuntur consequatur. Iure ea quia et non quis quo.','2019-04-28 21:36:55','2019-04-28 21:36:55'),(251,9,99,'Eius omnis consequatur inventore reiciendis dolores. Omnis suscipit omnis ullam distinctio tempora quisquam.','2019-04-28 21:36:55','2019-04-28 21:36:55'),(252,20,99,'Quidem corrupti et quia est aliquam. Itaque expedita dolore qui dicta. Est quibusdam esse magnam et sunt mollitia et.','2019-04-28 21:36:55','2019-04-28 21:36:55'),(253,38,100,'Praesentium facilis blanditiis labore esse sunt aut. Harum et est rerum velit.','2019-04-28 21:36:55','2019-04-28 21:36:55'),(254,35,100,'Accusantium aspernatur corrupti qui odit. Aut velit minus laudantium.','2019-04-28 21:36:55','2019-04-28 21:36:55'),(255,5,100,'Neque ipsam dolores cupiditate culpa. Sapiente ad quidem id et dicta qui ut.','2019-04-28 21:36:55','2019-04-28 21:36:55'),(256,28,100,'Odit eos sit dignissimos vero rerum perspiciatis alias corrupti. Deleniti quia nemo reprehenderit possimus assumenda suscipit. Fugiat reiciendis nihil veritatis.','2019-04-28 21:36:55','2019-04-28 21:36:55'),(257,40,101,'Est libero quam distinctio molestiae quaerat. Rerum ipsa quas velit ipsum molestiae ducimus. Perspiciatis voluptatum maiores tempore enim qui.','2019-04-28 21:36:55','2019-04-28 21:36:55'),(258,8,101,'Officiis est voluptatem aut sit qui porro non asperiores. Odio esse sed nostrum animi non. Ex facere et ullam exercitationem mollitia adipisci vitae.','2019-04-28 21:36:55','2019-04-28 21:36:55'),(259,28,101,'Tempora nihil non sint numquam eligendi dolor dolorum mollitia. Recusandae velit nesciunt vel facere est. Aliquid aut id cumque quas.','2019-04-28 21:36:55','2019-04-28 21:36:55'),(260,26,101,'Reprehenderit assumenda voluptas animi et nihil esse dolor. Ab aut autem ad quasi voluptatem quas voluptas.','2019-04-28 21:36:55','2019-04-28 21:36:55'),(261,19,101,'Et deleniti saepe provident qui aut. Qui id maiores fugiat ut in. Et iusto sit distinctio quae laborum nihil consequatur sint.','2019-04-28 21:36:55','2019-04-28 21:36:55'),(262,37,101,'Dolores maxime omnis fuga error natus aut rerum. Et praesentium corporis inventore ipsa voluptate aut velit.','2019-04-28 21:36:55','2019-04-28 21:36:55'),(263,28,101,'Et deleniti sunt est et nihil a aspernatur. Placeat in reiciendis voluptatem neque voluptatem doloremque nostrum. Nihil quis ratione modi repellendus quidem quas reiciendis.','2019-04-28 21:36:55','2019-04-28 21:36:55'),(264,47,101,'Cupiditate fuga vel enim maxime praesentium magni ut. Eius at at repudiandae ut unde optio libero dolores. Repellendus nobis laboriosam natus pariatur atque.','2019-04-28 21:36:55','2019-04-28 21:36:55'),(265,41,101,'Debitis alias molestiae asperiores provident dolorum atque commodi ex. Dolorem enim pariatur officiis qui autem repudiandae.','2019-04-28 21:36:55','2019-04-28 21:36:55'),(266,12,101,'Ut facilis quisquam modi ut praesentium. Quia et officia consequatur aperiam maiores.','2019-04-28 21:36:55','2019-04-28 21:36:55'),(267,35,101,'Explicabo deserunt quae ut sit quia eos quis maxime. Deserunt tempora aut ratione. Maxime cumque aut veniam occaecati.','2019-04-28 21:36:55','2019-04-28 21:36:55'),(268,40,101,'Aut placeat in dolore quidem enim vel. Optio dolore voluptates velit autem vero.','2019-04-28 21:36:55','2019-04-28 21:36:55'),(269,9,101,'Maxime esse delectus voluptas cupiditate. Reiciendis et cumque ut quo ratione. Aut asperiores illo amet quidem.','2019-04-28 21:36:55','2019-04-28 21:36:55'),(270,34,101,'Ipsa fuga maxime consequatur voluptates numquam voluptatem est. Pariatur cupiditate et eum et vero.','2019-04-28 21:36:55','2019-04-28 21:36:55'),(271,37,102,'Ex explicabo dolores quia deserunt atque. Consequatur quia et soluta consequuntur quaerat. Similique eaque molestiae et molestiae quam nam fugiat.','2019-04-28 21:36:55','2019-04-28 21:36:55'),(272,44,102,'Ab voluptatem aspernatur quaerat qui repellat amet optio. Odit eos iusto molestias. Id asperiores et dolor est debitis non.','2019-04-28 21:36:55','2019-04-28 21:36:55'),(273,46,102,'Sint error cumque in hic rerum. Non magnam veritatis non dolor est et quia in. Dolor sunt dignissimos rem.','2019-04-28 21:36:55','2019-04-28 21:36:55'),(274,43,102,'Sed et officiis itaque sit quia optio. Impedit ipsa quibusdam repellat dolorum at ut necessitatibus. Magni vitae dolorem ipsum illo eum fuga.','2019-04-28 21:36:55','2019-04-28 21:36:55'),(275,7,102,'Fuga ut et earum. Autem quaerat necessitatibus vero similique amet corporis voluptatem. Est sit odio distinctio quia sapiente doloribus rem.','2019-04-28 21:36:55','2019-04-28 21:36:55'),(276,19,102,'Labore odit porro architecto tempore sed esse amet. Sit eveniet praesentium et eum ipsum ad.','2019-04-28 21:36:55','2019-04-28 21:36:55'),(277,37,102,'Itaque maxime reprehenderit tempora. Non hic possimus quis pariatur aut.','2019-04-28 21:36:55','2019-04-28 21:36:55'),(278,19,102,'Molestiae sunt quisquam saepe nostrum reprehenderit voluptatem. Odit quae rerum vel adipisci voluptas explicabo repudiandae. Et ipsum cumque voluptate earum sed maxime reiciendis sed.','2019-04-28 21:36:55','2019-04-28 21:36:55'),(279,14,102,'Non accusamus et qui ea quibusdam maxime. Modi quia veritatis velit doloremque. Minima delectus quod natus.','2019-04-28 21:36:55','2019-04-28 21:36:55'),(280,18,102,'Quas qui voluptatem voluptatem inventore velit ullam et iure. Praesentium velit earum est quod.','2019-04-28 21:36:55','2019-04-28 21:36:55'),(281,8,102,'Quis harum sed occaecati consectetur. Et nihil in assumenda maxime aliquam.','2019-04-28 21:36:55','2019-04-28 21:36:55'),(282,1,102,'Ea quam ipsa iste quia. Quis quos quae dolor assumenda et.','2019-04-28 21:36:55','2019-04-28 21:36:55'),(283,45,102,'Omnis quia aspernatur rem id quo illo earum. Et reiciendis voluptatem voluptas doloremque quod aut ut vel.','2019-04-28 21:36:56','2019-04-28 21:36:56'),(284,32,102,'Beatae quos ea nostrum dolor sed. Aut sed aperiam velit aut.','2019-04-28 21:36:56','2019-04-28 21:36:56'),(285,12,102,'Nostrum deleniti dolorem quia. Aut cum animi nemo corporis est.','2019-04-28 21:36:56','2019-04-28 21:36:56'),(286,32,102,'Eum temporibus ducimus quidem saepe reiciendis et in. Labore beatae voluptatibus quia nulla officia magnam omnis.','2019-04-28 21:36:56','2019-04-28 21:36:56'),(287,32,102,'In illum tempore voluptatem ut. Rerum voluptatem adipisci molestiae asperiores exercitationem vero.','2019-04-28 21:36:56','2019-04-28 21:36:56'),(288,1,102,'Et natus cumque doloribus dolores veniam accusantium corporis magni. Maxime sit consequatur animi soluta est nostrum.','2019-04-28 21:36:56','2019-04-28 21:36:56'),(289,23,102,'Aut numquam nemo mollitia explicabo placeat ut. Amet molestiae pariatur quia molestiae.','2019-04-28 21:36:56','2019-04-28 21:36:56'),(290,22,103,'Sed error fugiat tenetur officia laudantium. Cupiditate a consequuntur nulla earum.','2019-04-28 21:36:56','2019-04-28 21:36:56'),(291,5,103,'Ea debitis et provident velit dolore. Perferendis veritatis esse dignissimos. Excepturi quam tempora id dolor cum.','2019-04-28 21:36:56','2019-04-28 21:36:56'),(292,40,103,'Culpa excepturi laudantium totam vel autem ullam. Deleniti autem et rerum.','2019-04-28 21:36:56','2019-04-28 21:36:56'),(293,27,103,'Porro et et id. Temporibus dignissimos dolores nobis. Dolor distinctio quaerat non dolorum nam est nisi.','2019-04-28 21:36:56','2019-04-28 21:36:56'),(294,16,103,'Et tempora ut ex. Sint ipsam maxime fugit corporis cupiditate quam excepturi.','2019-04-28 21:36:56','2019-04-28 21:36:56'),(295,23,103,'Dicta fugiat ducimus placeat veritatis qui quia ratione accusantium. Quibusdam aut similique et placeat voluptatem.','2019-04-28 21:36:56','2019-04-28 21:36:56'),(296,35,103,'Aperiam laudantium quibusdam magni eveniet est ratione quidem. Ut dolor aut et exercitationem dolor optio. Sint ex consequatur iste quis.','2019-04-28 21:36:56','2019-04-28 21:36:56'),(297,19,103,'Voluptas consequatur pariatur aperiam alias nihil quae est. Expedita asperiores dolore et omnis. Praesentium doloribus suscipit eius culpa sequi cupiditate.','2019-04-28 21:36:56','2019-04-28 21:36:56'),(298,47,103,'Voluptatibus esse nulla voluptate iste. Non accusamus eius necessitatibus nobis.','2019-04-28 21:36:56','2019-04-28 21:36:56'),(299,46,103,'Tempore molestias nesciunt alias eos nesciunt magnam repudiandae. Mollitia necessitatibus corporis quibusdam accusantium fugiat quaerat itaque laborum. Nam doloribus suscipit tenetur tenetur consequatur.','2019-04-28 21:36:56','2019-04-28 21:36:56'),(300,47,103,'Labore qui mollitia sunt aperiam aut unde quod. Vero omnis nam aliquam sed aut. Quaerat sequi excepturi nemo totam et.','2019-04-28 21:36:56','2019-04-28 21:36:56'),(301,33,103,'Ducimus rem vero et sunt ab laboriosam tempora. Nulla debitis est quam cum libero. Molestiae aut eum modi impedit omnis perspiciatis dolores distinctio.','2019-04-28 21:36:56','2019-04-28 21:36:56'),(302,22,103,'Quia dolorem earum nostrum sed quod. Odio possimus perspiciatis id quia labore exercitationem porro. Minus quis nostrum sunt magnam velit.','2019-04-28 21:36:56','2019-04-28 21:36:56'),(303,14,104,'Sequi asperiores doloremque dolorem exercitationem fuga. Aspernatur natus explicabo ab sapiente nisi. Aut deleniti et quos pariatur eaque dolorem provident.','2019-04-28 21:36:56','2019-04-28 21:36:56'),(304,19,104,'Accusamus rerum delectus et. Deserunt est eaque temporibus laboriosam qui.','2019-04-28 21:36:56','2019-04-28 21:36:56'),(305,26,105,'Cupiditate reiciendis non nisi officia quas. Qui non sint porro tempore. Blanditiis explicabo dolor corrupti occaecati laudantium.','2019-04-28 21:36:56','2019-04-28 21:36:56'),(306,1,106,'Explicabo dolor eaque aut quaerat. Quisquam iste nobis consequatur eum et est.','2019-04-28 21:36:56','2019-04-28 21:36:56'),(307,28,106,'Id aliquid aliquid non qui in ut eos. Praesentium sint maiores repellendus in dicta. Voluptatibus tenetur esse deleniti est veniam quis.','2019-04-28 21:36:56','2019-04-28 21:36:56'),(308,17,106,'Reiciendis iure rerum dolores quidem accusamus. Voluptas autem beatae aut ea similique sed autem. Ea quia delectus qui enim nam quam assumenda.','2019-04-28 21:36:56','2019-04-28 21:36:56'),(309,20,106,'Suscipit quaerat inventore non qui occaecati in voluptas. Odit eius saepe laborum omnis sunt. Voluptas non ut quia molestiae reprehenderit suscipit molestiae nam.','2019-04-28 21:36:56','2019-04-28 21:36:56'),(310,9,106,'Ipsa nostrum alias laboriosam autem corrupti possimus beatae molestias. Laudantium omnis ut nemo enim nemo. Accusamus magnam rerum praesentium qui aut reiciendis.','2019-04-28 21:36:56','2019-04-28 21:36:56'),(311,38,106,'Aut minus eaque qui. Eius qui vel deleniti ducimus eius.','2019-04-28 21:36:56','2019-04-28 21:36:56'),(312,48,106,'Quod iste ducimus eaque laborum. Sit molestiae reiciendis qui.','2019-04-28 21:36:56','2019-04-28 21:36:56'),(313,38,106,'Sed tenetur harum pariatur laborum at velit ipsum voluptas. Nihil accusantium accusantium modi accusantium vel.','2019-04-28 21:36:56','2019-04-28 21:36:56'),(314,23,106,'Qui ad tenetur illo aut. Sint nisi exercitationem voluptates.','2019-04-28 21:36:56','2019-04-28 21:36:56'),(315,18,107,'Rem non vel praesentium sunt voluptatem qui sit et. Vel voluptate dolor nostrum perferendis dolor molestiae.','2019-04-28 21:36:56','2019-04-28 21:36:56'),(316,8,107,'Culpa nisi eum repellendus repudiandae vero facere. Et impedit consequatur nisi non est. Velit a labore est aut.','2019-04-28 21:36:56','2019-04-28 21:36:56'),(317,26,107,'Magnam praesentium sunt aut odit. Excepturi id totam pariatur nesciunt quibusdam recusandae non itaque. Vitae modi modi ex laborum blanditiis deserunt corporis.','2019-04-28 21:36:56','2019-04-28 21:36:56'),(318,38,107,'Repellendus et repellendus similique quo. Repellat veniam nesciunt architecto exercitationem dignissimos vel ea ut. Exercitationem sit ut rerum quod rerum delectus.','2019-04-28 21:36:56','2019-04-28 21:36:56'),(319,11,107,'Qui placeat nam magni corrupti et animi omnis nesciunt. Et quidem dolor molestiae cumque quae.','2019-04-28 21:36:56','2019-04-28 21:36:56'),(320,15,107,'Qui et et sint pariatur debitis adipisci. Et quas adipisci enim molestias.','2019-04-28 21:36:56','2019-04-28 21:36:56'),(321,35,107,'Iusto expedita sed voluptatem molestiae velit iure. Deserunt in ipsum reprehenderit dolorum.','2019-04-28 21:36:56','2019-04-28 21:36:56'),(322,44,107,'Rerum voluptatem aut nisi porro est. Distinctio molestiae earum at temporibus culpa quis.','2019-04-28 21:36:56','2019-04-28 21:36:56'),(323,6,107,'Quisquam quo dicta nulla exercitationem et. Commodi saepe aut tempora blanditiis voluptatem voluptate et. Quos perspiciatis sit ut hic molestiae quam vero.','2019-04-28 21:36:56','2019-04-28 21:36:56'),(324,46,107,'Dolorem amet atque dolore ea enim laborum. Saepe vel facilis voluptas est.','2019-04-28 21:36:56','2019-04-28 21:36:56'),(325,45,107,'Qui porro optio quo nemo fugiat quia iusto. Beatae quasi qui nam neque error et.','2019-04-28 21:36:56','2019-04-28 21:36:56'),(326,47,108,'Et voluptatum molestiae ad minima eos consectetur vel. Facilis et odio quo et consequatur esse impedit. Itaque magnam quia asperiores consectetur cumque.','2019-04-28 21:36:56','2019-04-28 21:36:56'),(327,17,108,'Corrupti reiciendis doloremque esse consequatur deserunt. Reprehenderit consequatur doloremque et rerum in qui. Non provident earum provident voluptatum eos explicabo.','2019-04-28 21:36:56','2019-04-28 21:36:56'),(328,21,108,'Deleniti eum ut sed dolores. Officiis non et est sit sunt vel. Sit est commodi eum minima tenetur nesciunt placeat.','2019-04-28 21:36:56','2019-04-28 21:36:56'),(329,26,108,'Ullam aut reprehenderit veniam. Ducimus aut ex rerum odit.','2019-04-28 21:36:56','2019-04-28 21:36:56'),(330,43,108,'Et quam quia nulla facere aperiam voluptatibus. Facilis molestias neque voluptatum cum.','2019-04-28 21:36:56','2019-04-28 21:36:56'),(331,39,108,'Molestias quia quia quia occaecati eius assumenda. Dolores dolore qui vel commodi.','2019-04-28 21:36:56','2019-04-28 21:36:56'),(332,43,108,'Deserunt unde placeat dolor sit consequatur qui. Quibusdam rerum temporibus totam. Cumque qui minima reprehenderit voluptate quae non ea dolorum.','2019-04-28 21:36:56','2019-04-28 21:36:56'),(333,37,108,'Voluptates et quia aut voluptatum unde. Adipisci nostrum amet dignissimos atque. Illo enim maiores inventore voluptatem.','2019-04-28 21:36:56','2019-04-28 21:36:56'),(334,16,108,'Quidem itaque commodi assumenda et ut eos earum sunt. Amet ut explicabo atque rem in vitae in.','2019-04-28 21:36:56','2019-04-28 21:36:56'),(335,34,109,'Necessitatibus repellat voluptas beatae similique consequatur dolore delectus. Quia tempora quis non facere perspiciatis magnam deserunt. Nam nesciunt enim consequatur harum voluptas.','2019-04-28 21:36:56','2019-04-28 21:36:56'),(336,11,109,'Eum sed accusantium cumque magni. Deserunt corporis voluptatibus recusandae omnis veritatis ut aut.','2019-04-28 21:36:56','2019-04-28 21:36:56'),(337,21,109,'Libero asperiores ratione illo qui impedit sit ut et. Quia autem qui voluptates atque enim.','2019-04-28 21:36:56','2019-04-28 21:36:56'),(338,21,109,'Quas aperiam ut dolores consequatur veritatis. Sapiente dignissimos et vel ut.','2019-04-28 21:36:56','2019-04-28 21:36:56'),(339,26,109,'Voluptatem et dolore placeat iusto molestiae ut. Eos non maxime eos ea.','2019-04-28 21:36:56','2019-04-28 21:36:56'),(340,44,109,'Aut iusto id nihil voluptatem asperiores ullam. Neque dicta non porro quia quasi. Voluptatibus cumque natus doloribus eos soluta aut.','2019-04-28 21:36:56','2019-04-28 21:36:56'),(341,29,109,'Sed facere pariatur recusandae et et velit. Ut ab tenetur ut ab tenetur consectetur et.','2019-04-28 21:36:56','2019-04-28 21:36:56'),(342,31,109,'A laboriosam est eum. Minima quod vel est officiis. Non repudiandae deleniti nihil cumque aut.','2019-04-28 21:36:56','2019-04-28 21:36:56'),(343,52,110,'Voluptatem eligendi iste ea qui. Ducimus dolores saepe maiores quos voluptatem autem.','2019-04-28 21:36:56','2019-04-28 21:36:56'),(344,43,110,'Velit repellendus dicta velit dolores labore reprehenderit tempora. Deleniti culpa voluptatem ducimus quibusdam. Aut laudantium dolorum aut aut odit veritatis.','2019-04-28 21:36:56','2019-04-28 21:36:56'),(345,47,110,'Facere ea ut voluptas et. Tempore veniam et natus fugiat autem.','2019-04-28 21:36:56','2019-04-28 21:36:56'),(346,28,110,'Laborum asperiores in autem quia. Quasi aliquid in voluptatem a quasi ratione et quia. Et nihil nihil voluptates libero facilis.','2019-04-28 21:36:56','2019-04-28 21:36:56'),(347,19,110,'Aut veritatis atque impedit. Qui quae voluptate dolores voluptatem. Quia est saepe ea porro.','2019-04-28 21:36:56','2019-04-28 21:36:56'),(348,15,110,'Sed deserunt illum nemo omnis. Et porro sequi consequatur itaque sunt quis. Iure earum explicabo voluptatem.','2019-04-28 21:36:56','2019-04-28 21:36:56'),(349,14,110,'Et quam quos exercitationem et. Dolorem consequatur vero dicta. Porro voluptas sunt molestiae explicabo et ut non.','2019-04-28 21:36:56','2019-04-28 21:36:56'),(350,6,110,'Explicabo et id ut reiciendis iusto enim tempora. Earum possimus optio deleniti dolorem temporibus non voluptatem natus. Repudiandae voluptatem itaque saepe rerum consequuntur.','2019-04-28 21:36:56','2019-04-28 21:36:56'),(351,52,110,'Unde repellat temporibus vero. Pariatur quia facere veritatis facere et earum.','2019-04-28 21:36:56','2019-04-28 21:36:56'),(352,8,110,'Qui praesentium nobis sit eius tenetur eveniet rem. Dolorem quis veniam itaque molestiae saepe rerum occaecati consequatur.','2019-04-28 21:36:56','2019-04-28 21:36:56'),(353,8,110,'Deleniti debitis nostrum voluptas rerum doloremque aut ullam. Quibusdam temporibus qui at sapiente. Quis eaque nobis temporibus autem nulla.','2019-04-28 21:36:56','2019-04-28 21:36:56'),(354,21,111,'Quisquam inventore harum voluptatem cupiditate aut maiores rerum quibusdam. Atque est sint aspernatur est dolor qui qui fugit.','2019-04-28 21:36:56','2019-04-28 21:36:56'),(355,24,111,'Error omnis iure et facere officia fuga. Enim dolor qui repellat sequi.','2019-04-28 21:36:56','2019-04-28 21:36:56'),(356,49,111,'Optio qui maiores ducimus facilis. Sit fugiat corporis aliquam veritatis quia repellat. Expedita aperiam accusamus iure debitis omnis ipsam id.','2019-04-28 21:36:56','2019-04-28 21:36:56'),(357,1,111,'Tempora qui esse quaerat eligendi ut quisquam consequatur. Minima enim est voluptas quae voluptatum debitis. Ipsam omnis nulla ut qui.','2019-04-28 21:36:56','2019-04-28 21:36:56'),(358,24,111,'Doloribus qui qui corrupti voluptates natus quia est. Nobis sit nemo ipsa consequatur laboriosam accusamus. Non qui ipsum quia consequatur.','2019-04-28 21:36:56','2019-04-28 21:36:56'),(359,20,111,'Et quis sed atque sapiente voluptas ea expedita. Fuga maxime dolor nostrum temporibus.','2019-04-28 21:36:56','2019-04-28 21:36:56'),(360,24,111,'Recusandae repellat dolores dolor deserunt sapiente perspiciatis. Et sit reprehenderit quam velit minus mollitia.','2019-04-28 21:36:56','2019-04-28 21:36:56'),(361,50,111,'Atque explicabo repellendus quod quasi enim. Reiciendis occaecati quibusdam optio unde.','2019-04-28 21:36:56','2019-04-28 21:36:56'),(362,44,111,'Natus sequi eius possimus optio ut quisquam tempore. Repellat officia natus eum necessitatibus ullam ea assumenda.','2019-04-28 21:36:56','2019-04-28 21:36:56'),(363,11,111,'Tempora nostrum omnis nostrum distinctio. Animi ut sed accusantium.','2019-04-28 21:36:56','2019-04-28 21:36:56'),(364,24,111,'Id enim adipisci aut perferendis. Aut voluptatem velit suscipit culpa aut reprehenderit. Aliquam ea quaerat ut atque accusamus.','2019-04-28 21:36:56','2019-04-28 21:36:56'),(365,20,111,'Nam aut aut perferendis omnis vel. Accusamus quam sapiente deserunt est. Cumque pariatur et ratione et aut ut culpa.','2019-04-28 21:36:56','2019-04-28 21:36:56'),(366,38,111,'Autem architecto voluptatum voluptatem saepe et eligendi quos. Rerum inventore optio atque. Esse deleniti inventore vero quis officiis vel.','2019-04-28 21:36:56','2019-04-28 21:36:56'),(367,1,111,'Sit vel nulla fuga et qui consequatur. Corporis quae tempore sit eum veritatis laudantium. Corporis eius consequatur eius velit.','2019-04-28 21:36:56','2019-04-28 21:36:56'),(368,9,112,'Ratione eum et aspernatur. Accusamus laudantium minus aut harum nisi.','2019-04-28 21:36:56','2019-04-28 21:36:56'),(369,50,112,'Non velit dolorum provident cum nisi ut. Perferendis doloribus beatae eos saepe quaerat ratione cumque.','2019-04-28 21:36:56','2019-04-28 21:36:56'),(370,54,112,'Vero praesentium similique aspernatur repudiandae veniam ut error. Possimus qui aut corporis qui quibusdam officiis.','2019-04-28 21:36:56','2019-04-28 21:36:56'),(371,48,112,'Tempore atque laboriosam similique et expedita quia dolorem. Neque est ipsum illo voluptatum voluptate. Qui molestiae itaque et delectus voluptates laborum ipsa.','2019-04-28 21:36:56','2019-04-28 21:36:56'),(372,14,112,'Dolores consectetur tempore in laborum sit. Quo architecto doloribus blanditiis sit aut quia. Expedita sed sapiente delectus eos laudantium.','2019-04-28 21:36:56','2019-04-28 21:36:56'),(373,49,114,'Ea perferendis totam corrupti sed quasi odio. Molestiae temporibus maiores minima officiis non mollitia consequatur.','2019-04-28 21:36:56','2019-04-28 21:36:56'),(374,54,114,'Excepturi cumque ratione officiis quibusdam aperiam numquam. Eos unde aliquam nam enim nesciunt.','2019-04-28 21:36:56','2019-04-28 21:36:56'),(375,10,114,'Aliquam voluptas architecto rem ut sed non ut velit. Pariatur sit cum qui repudiandae ex ipsa minus exercitationem.','2019-04-28 21:36:56','2019-04-28 21:36:56'),(376,36,114,'Esse nemo autem quisquam ut corporis quia culpa. Tempora excepturi ut repellendus inventore aut.','2019-04-28 21:36:56','2019-04-28 21:36:56'),(377,6,114,'Saepe dicta incidunt ipsum sed voluptas quas. Aliquam iure necessitatibus facere sint. Reprehenderit consequatur qui voluptatibus quis.','2019-04-28 21:36:56','2019-04-28 21:36:56'),(378,11,114,'Qui unde ut recusandae voluptatem recusandae minima facilis nisi. Consequatur in qui vitae amet.','2019-04-28 21:36:56','2019-04-28 21:36:56'),(379,46,114,'Quaerat quae error est sunt. Et velit sequi esse vel.','2019-04-28 21:36:56','2019-04-28 21:36:56'),(380,5,114,'Earum beatae et voluptatem praesentium labore repudiandae. Recusandae optio illum minima laudantium.','2019-04-28 21:36:56','2019-04-28 21:36:56'),(381,16,114,'Officia qui exercitationem sit dolor nisi sunt sit. Maxime dignissimos quae est quia. Molestiae quis et itaque veritatis eaque nemo.','2019-04-28 21:36:56','2019-04-28 21:36:56'),(382,30,114,'Rerum odit veniam quod qui. Aut quidem hic qui totam.','2019-04-28 21:36:56','2019-04-28 21:36:56'),(383,14,115,'Qui est vitae dolore. Possimus illo sunt est voluptatem corrupti veritatis voluptas. Atque quis ea ullam perferendis in.','2019-04-28 21:36:56','2019-04-28 21:36:56'),(384,28,115,'Sed architecto hic esse aut consequatur nemo sequi. Harum voluptatem accusantium accusamus dolor nihil voluptate et. Aut optio quidem natus neque non quis ad.','2019-04-28 21:36:56','2019-04-28 21:36:56'),(385,37,115,'Maiores delectus commodi facere maiores. Laboriosam hic deserunt consectetur dolor aliquid. Fuga dolores labore aperiam laboriosam.','2019-04-28 21:36:56','2019-04-28 21:36:56'),(386,19,115,'Dolores provident illum voluptates temporibus consequatur. Minima vel quae quibusdam officiis. Iste enim magnam rem.','2019-04-28 21:36:56','2019-04-28 21:36:56'),(387,39,115,'Quis quia nihil asperiores explicabo sunt. Similique mollitia voluptas ducimus iure.','2019-04-28 21:36:56','2019-04-28 21:36:56'),(388,38,115,'Impedit voluptas ut dolor inventore vel a similique. Aut natus ut suscipit quam.','2019-04-28 21:36:56','2019-04-28 21:36:56'),(389,45,116,'Officiis minima atque libero modi at blanditiis aut. Molestiae dignissimos et error voluptatibus.','2019-04-28 21:36:56','2019-04-28 21:36:56'),(390,46,116,'Sequi eveniet molestiae consectetur harum consequatur alias. Non maiores labore sequi voluptas. Eos magni dolores illum voluptatem vel ea architecto.','2019-04-28 21:36:56','2019-04-28 21:36:56'),(391,51,116,'Eos architecto quod possimus incidunt commodi. Laborum cumque et saepe perspiciatis debitis. Maiores est aut eligendi sit vel.','2019-04-28 21:36:56','2019-04-28 21:36:56'),(392,63,116,'Quam in et dolorum sapiente aliquid voluptatem minima. Ipsam ad dolores molestias sint necessitatibus. Eos adipisci nemo nihil velit voluptate fuga.','2019-04-28 21:36:56','2019-04-28 21:36:56'),(393,16,116,'Pariatur nisi sint amet harum qui eos. Animi velit neque omnis quod fugit ab. Architecto est sit autem sed saepe.','2019-04-28 21:36:56','2019-04-28 21:36:56'),(394,11,116,'Sit et excepturi et ut dolor harum blanditiis. Optio ducimus ducimus enim. Aut maiores eum rerum eos.','2019-04-28 21:36:56','2019-04-28 21:36:56'),(395,11,116,'Reprehenderit dignissimos beatae maxime nobis sit sapiente eos ea. Doloremque similique laudantium ipsum dolor eum recusandae. Voluptas aut nesciunt soluta non.','2019-04-28 21:36:56','2019-04-28 21:36:56'),(396,36,116,'Et non fugiat ea nulla illum. Quasi velit quis alias est ipsum harum.','2019-04-28 21:36:56','2019-04-28 21:36:56'),(397,25,116,'Harum dolores beatae pariatur impedit tempora sint et. Facilis corporis tempore quam eveniet aut porro error. Iure placeat et minus omnis tempore totam.','2019-04-28 21:36:56','2019-04-28 21:36:56'),(398,63,116,'Numquam saepe molestias unde neque voluptas error. Laudantium enim est et soluta. Quae dolor nam odio repellat praesentium perspiciatis ex.','2019-04-28 21:36:56','2019-04-28 21:36:56'),(399,13,116,'Laborum quia consequatur et sed laboriosam. Ab quisquam aut nihil quod et sunt pariatur.','2019-04-28 21:36:56','2019-04-28 21:36:56'),(400,25,116,'Eligendi ut consequatur et qui. Sint sit voluptatibus laboriosam atque.','2019-04-28 21:36:56','2019-04-28 21:36:56'),(401,19,116,'Et voluptate doloribus aut ut. Cumque labore illum quo facere voluptatem voluptates molestias minima.','2019-04-28 21:36:56','2019-04-28 21:36:56'),(402,17,116,'Adipisci et deserunt quo fugit. Vitae quia esse consequatur nobis. Aperiam quia sunt quod voluptas delectus ducimus.','2019-04-28 21:36:56','2019-04-28 21:36:56'),(403,28,116,'Ratione quam non laudantium. Similique accusamus illo distinctio quaerat. Voluptatem ipsam impedit enim laudantium nobis ipsum.','2019-04-28 21:36:56','2019-04-28 21:36:56'),(404,63,116,'Rerum vel repellat et ut delectus ut. Quia vitae eos neque aliquid perferendis amet.','2019-04-28 21:36:56','2019-04-28 21:36:56'),(405,1,116,'Suscipit fugit ducimus quisquam est. Excepturi asperiores et est qui accusantium nam.','2019-04-28 21:36:56','2019-04-28 21:36:56'),(406,9,117,'Et cum accusamus ut aliquam. Illum voluptates aut sed est laboriosam qui.','2019-04-28 21:36:56','2019-04-28 21:36:56'),(407,21,117,'Eligendi incidunt totam voluptatem reprehenderit quasi quia. Vel laudantium eum quia nihil doloremque. Officia sed nihil molestiae dolores id temporibus expedita.','2019-04-28 21:36:56','2019-04-28 21:36:56'),(408,44,117,'Eligendi laboriosam necessitatibus ipsam voluptatem eveniet occaecati at quam. Distinctio aut distinctio quidem ab sit natus tempore.','2019-04-28 21:36:56','2019-04-28 21:36:56'),(409,37,117,'Ea ducimus porro nihil quidem rem. Ipsum est aut unde consequatur.','2019-04-28 21:36:56','2019-04-28 21:36:56'),(410,29,117,'Expedita excepturi ullam placeat animi est quaerat veritatis. Laborum quia in voluptatum id ut omnis voluptate. Deserunt aut rerum dolorem ut.','2019-04-28 21:36:56','2019-04-28 21:36:56'),(411,48,117,'Illo repellat nemo reprehenderit quis voluptas et. Tempore tempore tenetur minus quisquam. A maiores similique ipsum tempora optio.','2019-04-28 21:36:56','2019-04-28 21:36:56'),(412,40,117,'Commodi quasi id nam laborum dolores sunt aut necessitatibus. Consectetur pariatur eaque cum voluptatem ut. Reprehenderit non minima ratione repellat corrupti at voluptatem.','2019-04-28 21:36:56','2019-04-28 21:36:56'),(413,22,118,'Deleniti voluptates corrupti sed voluptatem nostrum. Facilis et tenetur quia dicta saepe. Animi sint id quaerat dignissimos quo modi.','2019-04-28 21:36:56','2019-04-28 21:36:56'),(414,41,118,'Officia molestiae tempore quo labore laborum ex. Et sunt aut dolores modi sunt ad consectetur. Aut pariatur tenetur assumenda et.','2019-04-28 21:36:56','2019-04-28 21:36:56'),(415,41,118,'Dolore voluptatem et cupiditate debitis eaque non officia. Quidem aperiam consequatur voluptatem atque. Voluptatem distinctio sapiente doloremque sapiente et laboriosam ut nam.','2019-04-28 21:36:56','2019-04-28 21:36:56'),(416,31,118,'Consequatur dolor enim esse tempora est quia placeat. Non sed laborum labore et molestias quaerat et. Et vitae et ut.','2019-04-28 21:36:56','2019-04-28 21:36:56'),(417,34,119,'Perspiciatis sint aut est nemo necessitatibus quis odit. Ut dignissimos aspernatur doloribus voluptates blanditiis.','2019-04-28 21:36:56','2019-04-28 21:36:56'),(418,52,119,'Sint quisquam dolores provident quo perferendis voluptas ut. Sit quia accusamus aperiam illum expedita quos.','2019-04-28 21:36:56','2019-04-28 21:36:56'),(419,41,119,'Ipsum molestias sunt eligendi impedit quaerat fugiat. Rerum quas quod praesentium cupiditate est porro ut.','2019-04-28 21:36:56','2019-04-28 21:36:56'),(420,6,119,'Voluptas vero qui officia voluptates odit suscipit est vitae. Magnam praesentium quia velit explicabo ea hic sint. Sed accusantium eligendi aut odit.','2019-04-28 21:36:56','2019-04-28 21:36:56'),(421,47,119,'Est ut enim id omnis veritatis hic. Ullam temporibus tempora ut facere minus quo.','2019-04-28 21:36:56','2019-04-28 21:36:56'),(422,8,119,'Maxime porro itaque nemo sint et. Magni voluptates ad modi aperiam et. Molestias quibusdam error harum deleniti quae.','2019-04-28 21:36:56','2019-04-28 21:36:56'),(423,52,119,'Impedit sed et recusandae. Suscipit accusantium aut corrupti quo.','2019-04-28 21:36:56','2019-04-28 21:36:56'),(424,23,119,'Vel vel in corporis eos quo. Non rem ratione voluptatem laborum. Eum ut doloremque minus dolor nihil consequatur.','2019-04-28 21:36:56','2019-04-28 21:36:56'),(425,42,119,'Nam aut voluptate quasi sed molestias facere officiis. Nulla quisquam sint qui cupiditate ut corrupti quam.','2019-04-28 21:36:56','2019-04-28 21:36:56'),(426,6,119,'Voluptates sequi omnis alias omnis. Eos velit modi beatae omnis sapiente. Reprehenderit omnis sed aut qui.','2019-04-28 21:36:56','2019-04-28 21:36:56'),(427,19,119,'Provident minima sed ipsum expedita et ut hic. Laborum et libero qui ipsum iure et laboriosam.','2019-04-28 21:36:56','2019-04-28 21:36:56'),(428,20,119,'Eveniet est vel quod et. Voluptas ipsam autem voluptatem. Inventore aut sunt maiores ullam rerum veritatis et illo.','2019-04-28 21:36:56','2019-04-28 21:36:56'),(429,25,119,'Et illo est quis optio rerum voluptas cupiditate. Minus et sed repellat accusamus dolores fuga voluptatem. Sequi placeat ipsum incidunt laboriosam laudantium voluptatibus temporibus.','2019-04-28 21:36:56','2019-04-28 21:36:56'),(430,55,119,'Aperiam ratione nam consequatur. Maxime nemo nam harum distinctio.','2019-04-28 21:36:56','2019-04-28 21:36:56'),(431,38,119,'Architecto explicabo ea est vero consequatur. Sed veniam at labore.','2019-04-28 21:36:56','2019-04-28 21:36:56'),(432,27,119,'Qui molestiae et maiores quidem quam voluptatibus. Ipsam non id voluptatem odit.','2019-04-28 21:36:56','2019-04-28 21:36:56'),(433,44,119,'Sed id suscipit velit ducimus. Rerum excepturi voluptate possimus quia. Aperiam placeat aut rerum et officia quisquam qui.','2019-04-28 21:36:56','2019-04-28 21:36:56'),(434,14,119,'At incidunt nam modi magnam ea in. Iure a quo illum omnis quia ducimus. Est aut laborum in minima ut laboriosam.','2019-04-28 21:36:56','2019-04-28 21:36:56'),(435,42,119,'Dolorum repudiandae inventore doloribus fugit. Ex recusandae possimus atque. Repudiandae sit reiciendis consequatur aut ad consectetur necessitatibus.','2019-04-28 21:36:56','2019-04-28 21:36:56'),(436,26,119,'Est neque et animi dolorem. Non sit eum ratione voluptates.','2019-04-28 21:36:56','2019-04-28 21:36:56'),(437,10,121,'Officiis labore voluptatibus voluptatem tempore. Sequi voluptatibus labore numquam.','2019-04-28 21:36:56','2019-04-28 21:36:56'),(438,12,121,'Rerum nam illo odit exercitationem ducimus accusantium ab. Ipsa porro iste sint quia eius. Velit aliquam voluptas aperiam iure.','2019-04-28 21:36:56','2019-04-28 21:36:56'),(439,6,121,'Velit sequi unde perspiciatis asperiores sed. Corrupti voluptatum quis consectetur vel libero ut est. Blanditiis explicabo aut aut et rerum voluptatem.','2019-04-28 21:36:56','2019-04-28 21:36:56'),(440,50,121,'Distinctio culpa sed deserunt veritatis. Est nihil labore doloremque repudiandae.','2019-04-28 21:36:56','2019-04-28 21:36:56'),(441,5,121,'Tempore dicta repellat repellendus dicta omnis molestias ut. Quos minus quas et cum reiciendis doloribus.','2019-04-28 21:36:56','2019-04-28 21:36:56'),(442,46,121,'Culpa est eum repellendus sint. Repellendus voluptas quisquam dolor asperiores voluptas doloremque maxime tenetur. Aut in consequatur facere dolor illum.','2019-04-28 21:36:56','2019-04-28 21:36:56'),(443,54,121,'Tempore dolorem exercitationem minima sit. Veniam repellat cumque voluptas voluptatum.','2019-04-28 21:36:56','2019-04-28 21:36:56'),(444,43,121,'Dolorem dolorem aut qui sed omnis tenetur. Et laboriosam nobis ut maiores qui porro repudiandae. Nesciunt molestias assumenda quidem autem et eius.','2019-04-28 21:36:57','2019-04-28 21:36:57'),(445,23,121,'Omnis deleniti dolor velit necessitatibus iure ex. Molestiae id dolorum modi.','2019-04-28 21:36:57','2019-04-28 21:36:57'),(446,9,121,'Sunt unde impedit explicabo natus molestiae. Molestiae rem dicta in dolor.','2019-04-28 21:36:57','2019-04-28 21:36:57'),(447,63,121,'Quae in deserunt porro nulla molestias in ipsa. Quisquam enim vel atque sint quo. Dolor qui esse odit.','2019-04-28 21:36:57','2019-04-28 21:36:57'),(448,50,121,'Nam veniam deleniti harum explicabo odit impedit. Omnis dolor exercitationem sunt quam. Ipsa sapiente cum quasi est accusamus minus expedita.','2019-04-28 21:36:57','2019-04-28 21:36:57'),(449,24,122,'Voluptatum illo neque reprehenderit qui sint consequuntur adipisci. Quia enim deleniti iste dolorum est sapiente maxime.','2019-04-28 21:36:57','2019-04-28 21:36:57'),(450,45,122,'Sed itaque nihil rem similique. Repellendus quae fugiat laborum quidem consequatur sit architecto.','2019-04-28 21:36:57','2019-04-28 21:36:57'),(451,14,122,'Et optio et et quod eum perspiciatis qui eveniet. Necessitatibus velit et consectetur et quis facere optio. Quo assumenda corporis voluptatem magnam repellendus ad.','2019-04-28 21:36:57','2019-04-28 21:36:57'),(452,48,122,'Quis neque quo velit quis. Aut cumque omnis hic eligendi.','2019-04-28 21:36:57','2019-04-28 21:36:57'),(453,22,122,'Ipsa nam minima perspiciatis numquam tempore possimus praesentium. Esse iste et consectetur. Et dolores fugiat rerum sit sunt fuga.','2019-04-28 21:36:57','2019-04-28 21:36:57'),(454,63,122,'Sed eaque blanditiis ducimus. Omnis non aut quo veniam.','2019-04-28 21:36:57','2019-04-28 21:36:57'),(455,37,122,'Nihil pariatur et exercitationem doloribus quam maxime. Ad error et eius in omnis corrupti occaecati.','2019-04-28 21:36:57','2019-04-28 21:36:57'),(456,30,122,'Non rerum officiis accusamus repudiandae sed alias. Commodi veritatis aliquid omnis aperiam. Et tenetur vitae eum voluptatem quia.','2019-04-28 21:36:57','2019-04-28 21:36:57'),(457,32,122,'Culpa sunt deleniti voluptatem eveniet. In vel sit dolore ex eum quos itaque. Placeat et ducimus et quia voluptas.','2019-04-28 21:36:57','2019-04-28 21:36:57'),(458,28,122,'Excepturi vel maxime adipisci temporibus vitae omnis. Qui ipsa voluptatem quia.','2019-04-28 21:36:57','2019-04-28 21:36:57'),(459,25,124,'Corrupti voluptatem iure sunt nostrum. Autem veritatis ut veniam repellat quis.','2019-04-28 21:36:57','2019-04-28 21:36:57'),(460,41,124,'Iusto illo nemo tenetur ducimus odit. Qui sed corporis fuga aut.','2019-04-28 21:36:57','2019-04-28 21:36:57'),(461,65,124,'Quam optio vel voluptatem veniam sint aliquam delectus voluptas. Enim sequi officiis et sapiente qui. Exercitationem eveniet dolor esse.','2019-04-28 21:36:57','2019-04-28 21:36:57'),(462,53,124,'Voluptatum perferendis qui expedita occaecati eos tenetur. Qui optio sint autem ea. Deserunt non distinctio sint velit id et praesentium quibusdam.','2019-04-28 21:36:57','2019-04-28 21:36:57'),(463,5,124,'Possimus tempore dignissimos iste laudantium ut commodi qui sunt. Excepturi ullam sit numquam fuga est enim aut.','2019-04-28 21:36:57','2019-04-28 21:36:57'),(464,14,124,'Perspiciatis odit autem cupiditate ut adipisci. Quo a amet ut sed voluptatem saepe.','2019-04-28 21:36:57','2019-04-28 21:36:57'),(465,32,124,'Aut nam deleniti maxime accusantium et. Et ipsam commodi laboriosam eos id. Quis libero tempore vitae nulla ullam.','2019-04-28 21:36:57','2019-04-28 21:36:57'),(466,22,124,'Rerum nihil possimus nam eligendi ipsam. Sint autem dolorum illo nobis aut in.','2019-04-28 21:36:57','2019-04-28 21:36:57'),(467,29,124,'Totam animi et sit quis hic. Hic libero iusto cum veniam expedita.','2019-04-28 21:36:57','2019-04-28 21:36:57'),(468,12,124,'Tempora voluptas non rerum ut quia. Error ut ratione temporibus facilis. Voluptate eveniet dignissimos ea dolorem aut praesentium quaerat.','2019-04-28 21:36:57','2019-04-28 21:36:57'),(469,53,124,'Culpa ipsa impedit qui eum quae. Enim voluptatem distinctio atque qui labore deleniti voluptatem.','2019-04-28 21:36:57','2019-04-28 21:36:57'),(470,53,124,'Quo consectetur nam et quo cupiditate. Autem facere in velit excepturi est quia et.','2019-04-28 21:36:57','2019-04-28 21:36:57'),(471,47,124,'Molestias quia voluptate necessitatibus odit. Et autem at et distinctio cupiditate.','2019-04-28 21:36:57','2019-04-28 21:36:57'),(472,52,124,'Nostrum aut consequatur illo. Facilis enim perspiciatis nostrum quia. Magnam facere quidem tempore cum et aspernatur.','2019-04-28 21:36:57','2019-04-28 21:36:57'),(473,62,124,'Aliquam dolore enim nobis commodi quia. Qui quia ea laudantium tenetur dignissimos. Error rem quibusdam molestiae perspiciatis.','2019-04-28 21:36:57','2019-04-28 21:36:57'),(474,6,124,'Porro laboriosam dolor quos dicta ab velit. Dolorum in modi perspiciatis doloremque quo recusandae. Modi reiciendis deserunt fugit excepturi corporis ipsa.','2019-04-28 21:36:57','2019-04-28 21:36:57'),(475,10,124,'Et ullam nostrum est eligendi minus velit fuga. Magni laborum amet voluptatibus dolorem neque ullam. Esse excepturi sunt temporibus temporibus aspernatur possimus culpa.','2019-04-28 21:36:57','2019-04-28 21:36:57'),(476,58,125,'Excepturi quo reprehenderit debitis nam velit eos cum. Quibusdam omnis error molestiae quisquam.','2019-04-28 21:36:57','2019-04-28 21:36:57'),(477,43,125,'Non ut ipsa numquam facere. Dignissimos voluptatibus est sunt.','2019-04-28 21:36:57','2019-04-28 21:36:57'),(478,67,125,'Ut non provident ratione animi quasi voluptatem. Officia nisi animi laudantium et ut rerum.','2019-04-28 21:36:57','2019-04-28 21:36:57'),(479,62,125,'Est et et ad sunt tempora vel eius. Rem quo optio suscipit quibusdam aut. Pariatur corporis recusandae est beatae.','2019-04-28 21:36:57','2019-04-28 21:36:57'),(480,39,125,'Aut iusto aut quisquam ut. Ab rerum quia a ut commodi.','2019-04-28 21:36:57','2019-04-28 21:36:57'),(481,14,125,'Eum eius provident accusamus laudantium ab. Esse est doloribus architecto ipsam quod iusto debitis. Illo eius eligendi quasi omnis omnis similique quas.','2019-04-28 21:36:57','2019-04-28 21:36:57'),(482,49,125,'Dolores sed assumenda repudiandae ipsum. Dolorum repellendus et eveniet voluptatem accusamus quae.','2019-04-28 21:36:57','2019-04-28 21:36:57'),(483,31,125,'Sapiente nobis possimus perferendis incidunt et voluptas dolorem. Consequatur et officiis iusto facilis facilis odio magnam. Necessitatibus ut dignissimos voluptas quidem est.','2019-04-28 21:36:57','2019-04-28 21:36:57'),(484,13,125,'Et ipsa quia est porro vero harum ipsam quasi. Veritatis est error aperiam qui labore voluptates iusto. Optio animi odit voluptas eos omnis.','2019-04-28 21:36:57','2019-04-28 21:36:57'),(485,37,125,'Animi qui et et expedita alias ea. Libero deleniti maiores quia.','2019-04-28 21:36:57','2019-04-28 21:36:57'),(486,66,125,'Animi molestiae similique blanditiis mollitia et iste vero minima. Enim id ut qui error repudiandae voluptatum quisquam. Ut numquam quod numquam porro omnis quaerat.','2019-04-28 21:36:57','2019-04-28 21:36:57'),(487,12,125,'Et incidunt suscipit tenetur dignissimos quibusdam. Mollitia iusto pariatur aut nam mollitia aliquid consectetur quisquam.','2019-04-28 21:36:57','2019-04-28 21:36:57'),(488,66,125,'Eveniet non possimus natus quo aliquam modi et. Ad numquam voluptatibus repudiandae cupiditate. Reprehenderit corporis aut autem aliquid rerum odio aperiam.','2019-04-28 21:36:57','2019-04-28 21:36:57'),(489,1,125,'Quis asperiores adipisci reprehenderit doloremque tenetur ea. Vel nemo sit velit maxime ad.','2019-04-28 21:36:57','2019-04-28 21:36:57'),(490,53,125,'Aut aut quia officiis voluptatem. Dolorem voluptas excepturi voluptas.','2019-04-28 21:36:57','2019-04-28 21:36:57'),(491,39,126,'Illo ut dolore delectus aut quia vel autem. Enim facilis temporibus qui. Quasi impedit expedita atque vero.','2019-04-28 21:36:57','2019-04-28 21:36:57'),(492,9,126,'Eos repellendus et accusamus impedit et repudiandae. Ut culpa fugit exercitationem error exercitationem quo. Quasi non excepturi iusto.','2019-04-28 21:36:57','2019-04-28 21:36:57'),(493,30,126,'Asperiores distinctio expedita quod aliquam perspiciatis modi qui. Ipsa neque molestiae quia id fuga excepturi ut. Officia provident qui quam aut ut.','2019-04-28 21:36:57','2019-04-28 21:36:57'),(494,9,126,'Nemo reprehenderit blanditiis sint. Accusamus quam id illum assumenda voluptatibus.','2019-04-28 21:36:57','2019-04-28 21:36:57'),(495,36,126,'Magni harum blanditiis cum quae voluptates quia officiis. Voluptatibus saepe id a corrupti in. Eos itaque fugiat alias quo quasi ut.','2019-04-28 21:36:57','2019-04-28 21:36:57'),(496,27,126,'Qui aut dolores quos dolore nam ut. Eligendi vero adipisci alias tempore vel sit explicabo. Aut et rerum rerum molestias aliquid similique et vero.','2019-04-28 21:36:57','2019-04-28 21:36:57'),(497,22,126,'Non mollitia vitae nihil. Natus molestiae hic error repudiandae. Omnis corrupti reprehenderit molestiae iusto veritatis molestiae voluptates.','2019-04-28 21:36:57','2019-04-28 21:36:57'),(498,35,126,'Dicta modi eum aspernatur consequatur sunt iure quisquam. Cum cumque consequatur molestiae quisquam dolor quae nulla voluptas. Magnam consequatur sed animi quia hic natus et.','2019-04-28 21:36:57','2019-04-28 21:36:57'),(499,55,126,'Et debitis architecto sequi laboriosam et. Dolorem placeat reprehenderit magnam.','2019-04-28 21:36:57','2019-04-28 21:36:57'),(500,39,126,'Voluptatem expedita blanditiis maiores quod. Sunt sunt est nostrum ducimus dolores.','2019-04-28 21:36:57','2019-04-28 21:36:57'),(501,61,126,'Alias enim aut eveniet. Dolor porro voluptatum maiores dolorem et.','2019-04-28 21:36:57','2019-04-28 21:36:57'),(502,34,126,'Quo aut non officiis culpa dolorem dolorum. Itaque ab ut harum fugit tempore veniam dolorum accusamus.','2019-04-28 21:36:57','2019-04-28 21:36:57'),(503,1,126,'Ducimus harum expedita nostrum occaecati tenetur. Deleniti assumenda fugit facere ducimus quis nemo sed.','2019-04-28 21:36:57','2019-04-28 21:36:57'),(504,55,126,'Dolorem ut aut earum dicta quisquam mollitia alias. Blanditiis voluptate amet delectus sequi repudiandae. Aperiam necessitatibus et est sed velit ut aperiam.','2019-04-28 21:36:57','2019-04-28 21:36:57'),(505,60,126,'Quae dolore ut et autem praesentium laboriosam tenetur harum. Est molestiae consequatur voluptate voluptatem.','2019-04-28 21:36:57','2019-04-28 21:36:57'),(506,66,127,'Earum et odit ex tenetur. Id tempore aut cupiditate ut laudantium quibusdam sapiente. Sed sit repudiandae ullam exercitationem aut.','2019-04-28 21:36:57','2019-04-28 21:36:57'),(507,29,127,'Cumque voluptatem nulla unde fugiat voluptatum voluptatibus voluptas eos. Nam culpa eos qui et illum et voluptatem. Placeat praesentium aspernatur tempore dolore velit.','2019-04-28 21:36:57','2019-04-28 21:36:57'),(508,18,127,'Sed beatae in natus numquam totam est nam soluta. Voluptas quia nemo unde voluptatem omnis eaque eos. Voluptatibus laudantium dolore quia est enim facere.','2019-04-28 21:36:57','2019-04-28 21:36:57'),(509,30,127,'Minus alias consequatur dignissimos non. Rerum qui ad quia nobis. Magnam veniam voluptates deleniti ut eaque.','2019-04-28 21:36:57','2019-04-28 21:36:57'),(510,64,127,'Consectetur aut dicta exercitationem ipsum impedit. Dignissimos eum itaque sit optio laboriosam atque. Modi modi voluptatem quo.','2019-04-28 21:36:57','2019-04-28 21:36:57'),(511,29,127,'Qui aliquid velit illo in perferendis qui. Enim non sequi quo fugiat non. Cupiditate blanditiis odio accusamus non dicta asperiores rerum.','2019-04-28 21:36:57','2019-04-28 21:36:57'),(512,21,127,'Fuga ea sit sunt similique impedit odit. Sed animi et ad ut. Nulla aperiam sunt labore sit ab.','2019-04-28 21:36:57','2019-04-28 21:36:57'),(513,43,127,'Corporis id magni quia nulla quam unde voluptatibus. Cum dolores dolor dolore cupiditate earum voluptatem. Perspiciatis quod qui quia magni ut qui sed quisquam.','2019-04-28 21:36:57','2019-04-28 21:36:57'),(514,34,127,'Accusantium at expedita ut totam soluta. Est fuga quaerat autem.','2019-04-28 21:36:57','2019-04-28 21:36:57'),(515,60,127,'Harum laudantium reprehenderit aut et ex quas enim vel. Corrupti eos aliquam in. Enim sint adipisci nisi culpa quia voluptatem nemo.','2019-04-28 21:36:57','2019-04-28 21:36:57'),(516,63,127,'Assumenda et magnam beatae. Voluptatum non enim consectetur ullam perferendis.','2019-04-28 21:36:57','2019-04-28 21:36:57'),(517,40,127,'Commodi ad alias est. Sequi cum placeat laborum neque placeat mollitia repellendus. Et nobis distinctio qui rerum pariatur.','2019-04-28 21:36:57','2019-04-28 21:36:57'),(518,10,127,'Eaque perspiciatis commodi sed laudantium nobis soluta. Iure perferendis nobis totam. Est dolore voluptas sit.','2019-04-28 21:36:57','2019-04-28 21:36:57'),(519,63,127,'Dolor esse nam nemo reprehenderit laboriosam architecto voluptatem quia. Dolore id ipsam soluta accusantium molestias modi. Quam ut magni nesciunt et aut dolorem debitis.','2019-04-28 21:36:57','2019-04-28 21:36:57'),(520,14,127,'Praesentium et quae et ut recusandae aut molestiae. Nisi eum molestias possimus facilis. Exercitationem nulla sit nulla molestias nostrum ut vel.','2019-04-28 21:36:57','2019-04-28 21:36:57'),(521,64,127,'Sapiente magni voluptas animi reprehenderit unde. Ad magnam dolor eum odio nemo ea.','2019-04-28 21:36:57','2019-04-28 21:36:57'),(522,51,127,'Totam molestias cupiditate sunt enim praesentium sunt. Ex explicabo porro voluptatem dolores quos esse. Non consequatur pariatur incidunt libero dignissimos quisquam iure.','2019-04-28 21:36:57','2019-04-28 21:36:57'),(523,46,127,'Maxime et neque architecto a nulla quia eveniet. Laudantium harum minus sunt autem at qui. Qui tempore velit doloremque ipsam.','2019-04-28 21:36:57','2019-04-28 21:36:57'),(524,32,127,'Molestiae aliquam enim quisquam temporibus laudantium. Ullam nulla est quae iusto non molestias.','2019-04-28 21:36:57','2019-04-28 21:36:57'),(525,54,127,'Asperiores et temporibus aut dolore voluptas. Eligendi vel excepturi sit asperiores. Omnis exercitationem vel perspiciatis quibusdam fugit sit.','2019-04-28 21:36:57','2019-04-28 21:36:57'),(526,35,128,'Cupiditate sed quidem delectus cumque. Ut dolores dolores at nobis.','2019-04-28 21:36:57','2019-04-28 21:36:57'),(527,41,128,'Est ut consequatur facilis rerum omnis. Doloremque quisquam magni et aut veritatis ratione officia quam.','2019-04-28 21:36:57','2019-04-28 21:36:57'),(528,54,128,'Ut voluptatum distinctio quam beatae. Earum ipsa quia at at vitae dolor quo. Laudantium corporis explicabo illo repellat nisi soluta velit.','2019-04-28 21:36:57','2019-04-28 21:36:57'),(529,52,128,'Dicta consectetur nihil saepe quidem commodi. Atque aut enim reiciendis molestiae.','2019-04-28 21:36:57','2019-04-28 21:36:57'),(530,52,128,'Temporibus quia architecto est sit sint. Minus quia aut rerum ut. Unde perspiciatis ab adipisci aspernatur.','2019-04-28 21:36:57','2019-04-28 21:36:57'),(531,18,128,'Consequatur qui a expedita asperiores officia occaecati. Explicabo facilis tenetur eveniet illo amet.','2019-04-28 21:36:57','2019-04-28 21:36:57'),(532,63,128,'Eum possimus quo quasi voluptas. Est quam iusto consequuntur ipsa aut quae. Et vitae fugiat eum impedit dolore minus.','2019-04-28 21:36:57','2019-04-28 21:36:57'),(533,12,128,'Suscipit quo aut laboriosam sed. Iste tempora facilis eos ea.','2019-04-28 21:36:57','2019-04-28 21:36:57'),(534,14,128,'Ipsa nesciunt deleniti odit quaerat vitae. Laudantium veniam ut quo autem in at et.','2019-04-28 21:36:57','2019-04-28 21:36:57'),(535,63,128,'Occaecati odit a earum fugiat voluptas incidunt. Ratione quibusdam suscipit sunt quos. Dicta enim ea quia iste delectus.','2019-04-28 21:36:57','2019-04-28 21:36:57'),(536,8,128,'Est aperiam enim magni et voluptas libero. Ullam eaque repudiandae tenetur enim. Est omnis praesentium necessitatibus nihil iusto sit fugit.','2019-04-28 21:36:57','2019-04-28 21:36:57'),(537,20,128,'Et alias iusto iusto excepturi occaecati neque neque enim. Rerum perspiciatis omnis atque voluptatem quia ipsum officiis. Consequatur quidem enim animi tempore.','2019-04-28 21:36:57','2019-04-28 21:36:57'),(538,34,129,'Labore vel eaque delectus. Et maiores ea a quia. Consequatur eligendi repellendus rerum quam exercitationem.','2019-04-28 21:36:57','2019-04-28 21:36:57'),(539,66,129,'Vel iure eum ut provident. Nulla ab ipsa sed omnis minus magnam.','2019-04-28 21:36:57','2019-04-28 21:36:57'),(540,29,129,'Asperiores non veritatis omnis. Nisi quibusdam et quo beatae non cum voluptas. Unde ullam tenetur rerum.','2019-04-28 21:36:57','2019-04-28 21:36:57'),(541,7,129,'Corporis voluptates dolore voluptatum fuga. Quaerat officiis saepe voluptas.','2019-04-28 21:36:57','2019-04-28 21:36:57'),(542,8,129,'Eligendi perspiciatis enim iure. Fuga omnis maiores minus.','2019-04-28 21:36:57','2019-04-28 21:36:57'),(543,60,129,'Aspernatur perferendis est molestiae iste magni. Voluptatum velit eos aliquam eos.','2019-04-28 21:36:57','2019-04-28 21:36:57'),(544,25,129,'Consequatur voluptas rerum ut quia consequatur. Totam neque similique qui voluptas explicabo neque eaque voluptas.','2019-04-28 21:36:58','2019-04-28 21:36:58'),(545,61,130,'Perferendis sit labore sunt qui aut. Quo officia aut ratione suscipit ut. Est non dolor eaque accusantium.','2019-04-28 21:36:58','2019-04-28 21:36:58'),(546,25,130,'Sunt neque sint est tempora laborum enim exercitationem. Tempore deserunt consequuntur minima porro molestiae.','2019-04-28 21:36:58','2019-04-28 21:36:58'),(547,14,130,'Perspiciatis incidunt illo sapiente ex. Debitis porro rem ut incidunt. Aspernatur voluptate perspiciatis quas assumenda.','2019-04-28 21:36:58','2019-04-28 21:36:58'),(548,70,130,'Rerum accusamus nihil exercitationem unde est eum nulla aut. Laudantium qui facere nemo soluta. Et est eveniet quod fugit officiis minima nihil.','2019-04-28 21:36:58','2019-04-28 21:36:58'),(549,64,130,'Eaque ipsum laborum eaque quia quae. Dolorem et magni ab molestias voluptatibus. Saepe repudiandae id tempora doloremque et vero iusto.','2019-04-28 21:36:58','2019-04-28 21:36:58'),(550,67,130,'Est impedit et excepturi. Quia temporibus velit error laboriosam atque laborum libero. Ducimus at assumenda adipisci ut iure et asperiores.','2019-04-28 21:36:58','2019-04-28 21:36:58'),(551,64,130,'Et rerum architecto qui qui ipsam. Aliquid facilis velit nobis voluptates.','2019-04-28 21:36:58','2019-04-28 21:36:58'),(552,14,130,'Ipsam aspernatur soluta nihil illum ullam. Nulla facere accusamus quae temporibus doloremque porro.','2019-04-28 21:36:58','2019-04-28 21:36:58'),(553,61,130,'Rem aut pariatur quo. Voluptatem est aut debitis id. Et consequatur similique ipsam fugiat tempore totam.','2019-04-28 21:36:58','2019-04-28 21:36:58'),(554,52,130,'Nemo sunt id optio sed. Aut enim eos fuga rem hic possimus.','2019-04-28 21:36:58','2019-04-28 21:36:58'),(555,49,130,'Sit quis quibusdam et numquam saepe. In reiciendis rerum quisquam praesentium. Vel commodi at libero autem.','2019-04-28 21:36:58','2019-04-28 21:36:58'),(556,60,130,'Vel voluptatum ea et. Sint aut sit iusto ducimus in. Porro occaecati explicabo nostrum voluptatem ut numquam.','2019-04-28 21:36:58','2019-04-28 21:36:58'),(557,73,130,'Neque beatae ducimus enim at sit. Dolore molestiae dolor sed et qui quia enim necessitatibus.','2019-04-28 21:36:58','2019-04-28 21:36:58'),(558,76,130,'Aut perferendis velit rerum ducimus ullam eligendi. Corporis omnis qui dolorem. Non possimus dignissimos rerum ratione eius sequi.','2019-04-28 21:36:58','2019-04-28 21:36:58'),(559,34,130,'Doloremque natus eum sit porro aut rerum. Rerum voluptas rerum quia eum veritatis.','2019-04-28 21:36:58','2019-04-28 21:36:58'),(560,6,130,'Qui earum eum non. Et quis consequatur veritatis aut accusantium minus.','2019-04-28 21:36:58','2019-04-28 21:36:58'),(561,64,130,'Et eius non placeat officia quas. Dolor et ducimus veritatis fuga autem placeat.','2019-04-28 21:36:58','2019-04-28 21:36:58');
/*!40000 ALTER TABLE `comments` ENABLE KEYS */;
UNLOCK TABLES;

--
-- Table structure for table `migrations`
--

DROP TABLE IF EXISTS `migrations`;
/*!40101 SET @saved_cs_client     = @@character_set_client */;
/*!40101 SET character_set_client = utf8 */;
CREATE TABLE `migrations` (
  `id` int(10) unsigned NOT NULL AUTO_INCREMENT,
  `migration` varchar(255) COLLATE utf8mb4_unicode_ci NOT NULL,
  `batch` int(11) NOT NULL,
  PRIMARY KEY (`id`)
) ENGINE=InnoDB AUTO_INCREMENT=2 DEFAULT CHARSET=utf8mb4 COLLATE=utf8mb4_unicode_ci;
/*!40101 SET character_set_client = @saved_cs_client */;

--
-- Dumping data for table `migrations`
--

LOCK TABLES `migrations` WRITE;
/*!40000 ALTER TABLE `migrations` DISABLE KEYS */;
INSERT INTO `migrations` VALUES (1,'2019_03_16_135042_sql_file',1);
/*!40000 ALTER TABLE `migrations` ENABLE KEYS */;
UNLOCK TABLES;

--
-- Table structure for table `roles`
--

DROP TABLE IF EXISTS `roles`;
/*!40101 SET @saved_cs_client     = @@character_set_client */;
/*!40101 SET character_set_client = utf8 */;
CREATE TABLE `roles` (
  `role_id` int(11) NOT NULL,
  `name` varchar(25) NOT NULL,
  `description` varchar(255) NOT NULL,
  PRIMARY KEY (`role_id`),
  UNIQUE KEY `name_UNIQUE` (`name`),
  UNIQUE KEY `description_UNIQUE` (`description`)
) ENGINE=InnoDB DEFAULT CHARSET=utf8;
/*!40101 SET character_set_client = @saved_cs_client */;

--
-- Dumping data for table `roles`
--

LOCK TABLES `roles` WRITE;
/*!40000 ALTER TABLE `roles` DISABLE KEYS */;
INSERT INTO `roles` VALUES (1,'super','full access and permission'),(2,'admin','applicationm management and permissions'),(3,'moderator','can perform limited actions on other user entities'),(4,'member','a basic authenticated user'),(5,'banned','restricted access to the forum');
/*!40000 ALTER TABLE `roles` ENABLE KEYS */;
UNLOCK TABLES;

--
-- Table structure for table `threads`
--

DROP TABLE IF EXISTS `threads`;
/*!40101 SET @saved_cs_client     = @@character_set_client */;
/*!40101 SET character_set_client = utf8 */;
CREATE TABLE `threads` (
  `thread_id` int(11) NOT NULL AUTO_INCREMENT,
  `creator_id` int(11) NOT NULL,
  `topic_id` int(11) NOT NULL,
  `title` varchar(150) NOT NULL,
  `slug` varchar(150) NOT NULL,
  `content` text NOT NULL,
  `updated_at` timestamp NOT NULL DEFAULT CURRENT_TIMESTAMP ON UPDATE CURRENT_TIMESTAMP,
  `created_at` timestamp NOT NULL DEFAULT CURRENT_TIMESTAMP,
  PRIMARY KEY (`thread_id`,`creator_id`,`topic_id`),
  KEY `fk_threads_users1_idx` (`creator_id`),
  KEY `fk_threads_topics1_idx` (`topic_id`),
  CONSTRAINT `fk_threads_topics1` FOREIGN KEY (`topic_id`) REFERENCES `topics` (`topic_id`) ON DELETE CASCADE ON UPDATE CASCADE,
  CONSTRAINT `fk_threads_users1` FOREIGN KEY (`creator_id`) REFERENCES `users` (`user_id`) ON DELETE CASCADE ON UPDATE CASCADE
) ENGINE=InnoDB AUTO_INCREMENT=131 DEFAULT CHARSET=utf8;
/*!40101 SET character_set_client = @saved_cs_client */;

--
-- Dumping data for table `threads`
--

LOCK TABLES `threads` WRITE;
/*!40000 ALTER TABLE `threads` DISABLE KEYS */;
INSERT INTO `threads` VALUES (73,5,1,'Voluptates alias et non quos nihil sunt.','voluptates-alias-et-non-quos-nihil-sunt','Facilis aut vero voluptas voluptatum sint voluptatem commodi. Quia et quae possimus et quae quidem deleniti quia. Dolore blanditiis ipsum voluptas sapiente eos.','2019-04-28 21:36:54','2018-08-30 13:55:31'),(74,8,4,'Iure quo eos quo.','iure-quo-eos-quo','Quo expedita non voluptatem aut itaque. Et aut quaerat provident. Molestiae atque cupiditate facere expedita sed est aut rem.','2019-04-28 21:36:54','2019-02-15 22:09:01'),(75,8,1,'Ea minus deleniti et unde pariatur fugiat blanditiis.','ea-minus-deleniti-et-unde-pariatur-fugiat-blanditiis','Consequatur dolores est aliquid quaerat et. Accusantium sed quidem illo totam est quae eos. Eos et quia temporibus at voluptatibus dolorem atque. Velit debitis voluptate vitae provident ipsa.','2019-04-28 21:36:54','2019-01-11 16:03:14'),(76,12,3,'Eius nulla voluptatibus fuga voluptate.','eius-nulla-voluptatibus-fuga-voluptate','Dolorum esse enim delectus magni commodi earum voluptas. Error recusandae eum consequatur voluptatibus. Qui iusto ipsa quia voluptate.','2019-04-28 21:36:54','2019-03-20 18:38:45'),(77,14,1,'Perspiciatis aperiam odit id eaque voluptatibus ducimus neque accusamus.','perspiciatis-aperiam-odit-id-eaque-voluptatibus-ducimus-neque-accusamus','Error blanditiis autem debitis hic. Voluptas nesciunt modi id est voluptatem sequi. Non ea dolor aspernatur autem laboriosam dolores. Dolore esse maiores fugit aut.','2019-04-28 21:36:54','2018-06-22 16:49:55'),(78,14,3,'Quo sit et ullam sit.','quo-sit-et-ullam-sit','Impedit eius dolor rerum aperiam enim. Ad similique consequatur iure fuga doloribus ex natus.','2019-04-28 21:36:54','2018-07-11 11:54:10'),(79,14,1,'Voluptatibus accusantium nisi earum distinctio aut minus natus.','voluptatibus-accusantium-nisi-earum-distinctio-aut-minus-natus','Quis et eos nihil aut hic enim est. Doloremque velit modi error iste cupiditate sint inventore numquam. Aut in eos necessitatibus ut doloremque.','2019-04-28 21:36:54','2018-09-21 17:12:40'),(80,14,1,'Repellat laborum laborum hic quae eum et neque.','repellat-laborum-laborum-hic-quae-eum-et-neque','Aliquam neque eligendi inventore et itaque eum natus. At laudantium similique quasi unde ab ipsum autem odio. Omnis est omnis quo fuga. Laudantium sed dolorem repudiandae ut quae molestiae.','2019-04-28 21:36:54','2019-04-20 02:45:19'),(81,16,4,'Ut minus qui cum temporibus earum.','ut-minus-qui-cum-temporibus-earum','Quis nisi et et eius facere. Libero sit id non quis eum. Ad ipsa perferendis dolor. Rerum occaecati nulla adipisci.','2019-04-28 21:36:54','2018-07-31 06:49:40'),(82,16,1,'Aut non quas dolor sit voluptatem culpa.','aut-non-quas-dolor-sit-voluptatem-culpa','Consequatur magnam aspernatur in et aut fuga sed. Repudiandae ut amet iusto.','2019-04-28 21:36:54','2019-04-13 14:39:06'),(83,16,2,'Consequuntur ut suscipit animi perferendis.','consequuntur-ut-suscipit-animi-perferendis','Quis rerum eligendi dolore accusamus numquam sequi ab. Quia voluptas quia explicabo dolorem nostrum. Nulla expedita non saepe molestias. Asperiores quis quam blanditiis minima voluptas.','2019-04-28 21:36:54','2019-01-08 09:42:49'),(84,16,1,'Facere odit enim tenetur enim eos pariatur.','facere-odit-enim-tenetur-enim-eos-pariatur','Quia ex et nesciunt natus iste. Voluptas sit incidunt maiores nisi blanditiis doloremque. Nobis autem possimus nihil est.','2019-04-28 21:36:54','2018-07-22 04:08:04'),(85,16,1,'Voluptatem consequatur tenetur laudantium repudiandae.','voluptatem-consequatur-tenetur-laudantium-repudiandae','Facilis totam officiis aspernatur dolor quia voluptatem. Eos sit amet consequuntur nostrum ducimus quas. Nam quo laudantium quia alias et qui. Aut pariatur reprehenderit est maiores rerum culpa non.','2019-04-28 21:36:54','2019-01-05 18:26:36'),(86,17,1,'Sunt amet praesentium perferendis qui.','sunt-amet-praesentium-perferendis-qui','Error asperiores quia aut porro mollitia nam. Totam recusandae vero tenetur quasi. Et exercitationem iure est ipsam recusandae totam provident deserunt. Perspiciatis nulla aliquam quae fugit animi dolorem iste.','2019-04-28 21:36:55','2018-12-26 01:50:06'),(87,18,4,'Dolor ratione aut expedita consequatur porro hic saepe.','dolor-ratione-aut-expedita-consequatur-porro-hic-saepe','Magni in aut itaque illo. Rerum culpa praesentium odio sunt ut exercitationem autem quis. Temporibus voluptatem nobis architecto eum.','2019-04-28 21:36:55','2018-10-29 14:25:17'),(88,18,2,'Id rerum sed quisquam.','id-rerum-sed-quisquam','Laudantium aliquam totam nihil autem. Qui neque dolorem nostrum. Possimus ea corrupti sit aut libero.','2019-04-28 21:36:55','2019-01-22 01:57:17'),(89,18,3,'Earum nulla enim natus blanditiis omnis perferendis minus.','earum-nulla-enim-natus-blanditiis-omnis-perferendis-minus','Consequatur eaque suscipit modi qui accusantium autem eligendi deserunt. Esse repellendus eum ipsam incidunt. Inventore blanditiis tenetur aut voluptas illo. Fuga non eligendi necessitatibus sit voluptate quam voluptates.','2019-04-28 21:36:55','2018-09-01 09:44:44'),(90,18,3,'Beatae odit ipsa voluptate et id.','beatae-odit-ipsa-voluptate-et-id','Perspiciatis fugiat inventore in est vel sed temporibus. Id pariatur rem ut veniam qui et. Aut fuga incidunt ipsum nostrum accusamus aspernatur. Dolor natus nisi qui et ipsum atque iure.','2019-04-28 21:36:55','2018-08-12 14:38:30'),(91,29,2,'Ad illo laborum dolor.','ad-illo-laborum-dolor','Dolores doloremque adipisci culpa corrupti fuga ipsum. Eos repellendus ullam rerum ad quia enim nostrum aut.','2019-04-28 21:36:55','2019-04-02 23:08:58'),(92,30,2,'Vel autem saepe ea nihil nemo.','vel-autem-saepe-ea-nihil-nemo','Doloremque aperiam et quod quae cumque. Ad omnis commodi atque amet eaque autem voluptatem et. Fuga quae quia sed unde. Nihil pariatur et voluptatem dolorum.','2019-04-28 21:36:55','2018-06-20 15:18:10'),(93,34,1,'Ea delectus architecto autem ut beatae beatae nesciunt.','ea-delectus-architecto-autem-ut-beatae-beatae-nesciunt','Et voluptas nulla delectus. Velit labore architecto sed eos delectus magnam et sequi. Omnis iusto corrupti aspernatur odit quod. Quibusdam id sint fuga veniam. Inventore eos ex et maxime aut voluptas.','2019-04-28 21:36:55','2018-07-06 01:19:34'),(94,41,3,'Quidem ab architecto aut corrupti quaerat officia rem.','quidem-ab-architecto-aut-corrupti-quaerat-officia-rem','Quis provident officia est nisi aut sed. Quibusdam ipsum quia voluptatem praesentium vero ullam labore aut.','2019-04-28 21:36:55','2018-08-29 07:47:45'),(95,41,2,'Deleniti ratione et non ut illum dolores.','deleniti-ratione-et-non-ut-illum-dolores','Quia sint odit ducimus ullam vel voluptas ea quis. Rerum dolor sed et cum et. Rerum voluptates rem sed. Explicabo veritatis hic nesciunt unde non iure. Et illo temporibus vitae rerum quia repellat voluptatem.','2019-04-28 21:36:55','2019-01-18 22:29:52'),(96,44,2,'Consequatur voluptatum quod eum quibusdam quisquam.','consequatur-voluptatum-quod-eum-quibusdam-quisquam','Ut optio quia voluptas mollitia commodi quasi voluptatum. Quod itaque dolores vero pariatur praesentium. Rerum placeat sed aut autem accusamus.','2019-04-28 21:36:55','2018-12-31 02:38:37'),(97,46,1,'Distinctio aut commodi magnam voluptatum ducimus ut laboriosam.','distinctio-aut-commodi-magnam-voluptatum-ducimus-ut-laboriosam','Impedit autem ad maxime voluptatem eius dolores. Possimus est facere qui beatae necessitatibus blanditiis ut. Voluptas maxime pariatur dolorum nam. Tempore blanditiis omnis numquam enim blanditiis voluptas.','2019-04-28 21:36:55','2018-11-15 06:25:46'),(98,47,3,'Accusantium eveniet consequatur cupiditate exercitationem rem.','accusantium-eveniet-consequatur-cupiditate-exercitationem-rem','Cupiditate aliquid animi nostrum voluptas ea libero non harum. Voluptatem exercitationem et incidunt deserunt voluptas voluptatem. Quibusdam aliquid est rerum voluptatem corporis et.','2019-04-28 21:36:55','2019-03-28 17:20:59'),(99,47,3,'Ut sequi dolore inventore explicabo laudantium amet velit.','ut-sequi-dolore-inventore-explicabo-laudantium-amet-velit','Repellendus tempore nesciunt facilis optio non sunt. Fuga incidunt et maiores eveniet velit culpa quis. Dolorem quia quod consequatur.','2019-04-28 21:36:55','2018-07-29 23:37:30'),(100,47,1,'Doloremque omnis deleniti ut qui vel et.','doloremque-omnis-deleniti-ut-qui-vel-et','Aut incidunt et nemo quaerat eum autem nisi. Aut praesentium vel corporis suscipit ut fuga perspiciatis. Illo modi quasi odio repellat et veritatis impedit quis.','2019-04-28 21:36:55','2019-03-01 06:11:03'),(101,1,3,'Fuga dolor est repudiandae accusamus et sunt.','fuga-dolor-est-repudiandae-accusamus-et-sunt','Tenetur natus nisi nemo vel qui inventore. Enim alias rerum voluptatibus a cupiditate id et accusamus. Vero ab magnam autem.','2019-04-28 22:43:51','2018-06-19 05:08:34'),(102,49,3,'Quae dolores asperiores ducimus numquam recusandae quam eos sint.','quae-dolores-asperiores-ducimus-numquam-recusandae-quam-eos-sint','Consequatur sed sit error vitae. Deserunt deleniti maxime at tempora incidunt. Placeat sed quibusdam sapiente accusantium atque qui quisquam sint. Suscipit inventore distinctio sed.','2019-04-28 21:36:55','2018-08-26 12:14:08'),(103,49,3,'Quae fugit reiciendis ullam qui iure necessitatibus.','quae-fugit-reiciendis-ullam-qui-iure-necessitatibus','Nam doloribus ut eos reiciendis unde cum autem. Ipsum qui sed dolorem consequatur dolor fugiat. Aut ipsam ad qui veritatis dignissimos. Qui neque pariatur enim. Delectus et quam nulla similique tempore commodi.','2019-04-28 21:36:55','2018-12-31 08:17:16'),(104,49,3,'At aut voluptate quasi ea.','at-aut-voluptate-quasi-ea','Sed eius quos ullam itaque id eaque porro. Ut accusamus amet quis soluta iusto ut et. Qui aut animi quo nihil alias fugiat.','2019-04-28 21:36:55','2018-05-29 13:10:02'),(105,49,1,'Dolorum et voluptas ut laudantium.','dolorum-et-voluptas-ut-laudantium','Consequatur est vel vitae est nostrum libero. Cumque voluptatem et numquam nisi. Sed eos quod et perferendis veritatis maxime.','2019-04-28 21:36:55','2019-01-26 00:11:43'),(106,49,1,'Est repellat ex natus sint id sunt.','est-repellat-ex-natus-sint-id-sunt','Corporis id quas aliquam perspiciatis itaque fuga. Eius est consectetur voluptas nulla fuga nobis. Et dolores ducimus beatae quaerat. Quas rem accusamus ratione eligendi culpa.','2019-04-28 21:36:55','2018-06-30 16:33:59'),(107,52,2,'Vitae maiores qui inventore quod.','vitae-maiores-qui-inventore-quod','Ut repellendus repudiandae commodi eos id. Quis voluptatibus culpa saepe quis et et molestiae id. Culpa asperiores esse ipsam cupiditate fugiat excepturi.','2019-04-28 21:36:56','2018-06-12 06:04:40'),(108,52,1,'Dicta atque nostrum cum illo.','dicta-atque-nostrum-cum-illo','Sed veritatis non tempora ut ut. Aperiam sunt rerum quo vero explicabo laudantium quis. Tempora provident ut optio.','2019-04-28 21:36:56','2018-12-10 04:50:09'),(109,52,4,'Pariatur quia quibusdam optio natus tempore consequatur veritatis.','pariatur-quia-quibusdam-optio-natus-tempore-consequatur-veritatis','Debitis et aliquam architecto amet quo. Eum ut illo delectus voluptate. Cum illum magnam dolor molestiae odio et et aliquam. Neque aut quo quisquam ullam id voluptas labore omnis. Voluptas cupiditate quae excepturi vel debitis et.','2019-04-28 21:36:56','2018-09-06 09:01:40'),(110,55,2,'Quia nemo dolorem dolorum.','quia-nemo-dolorem-dolorum','Incidunt repudiandae impedit enim veritatis molestiae. Tempora minus nemo alias laborum voluptate perspiciatis consequatur. Ut et ea libero sequi assumenda magnam aliquam. Voluptate tempore itaque voluptas consectetur.','2019-04-28 21:36:56','2018-06-28 03:47:41'),(111,55,2,'Amet fugiat voluptatem aut blanditiis corrupti dolorem ipsam.','amet-fugiat-voluptatem-aut-blanditiis-corrupti-dolorem-ipsam','Consectetur iusto molestiae amet et hic. Perspiciatis nisi est adipisci ab. Illo enim culpa at nihil eos quo eos.','2019-04-28 21:36:56','2018-10-07 12:38:36'),(112,1,2,'Voluptatibus saepe quo eius rem.','voluptatibus-saepe-quo-eius-rem','Non temporibus culpa sed omnis deserunt odio velit. Cum et qui dolores. Similique expedita iusto ea sunt ipsa itaque eos ut.','2019-04-28 22:43:51','2018-08-08 23:20:33'),(113,60,1,'Est libero quod repudiandae dignissimos fugiat.','est-libero-quod-repudiandae-dignissimos-fugiat','Qui veniam ea et facilis non sunt maiores. Sed cupiditate labore corporis ea impedit ex.','2019-04-28 21:36:56','2019-04-05 11:57:13'),(114,60,1,'Assumenda enim reprehenderit nisi nihil voluptas.','assumenda-enim-reprehenderit-nisi-nihil-voluptas','Suscipit quod dolor eligendi. Repellendus velit laboriosam excepturi est repellat ab. Aut laboriosam tempore quo a.','2019-04-28 21:36:56','2018-12-23 18:08:59'),(115,60,1,'Modi aliquid omnis ab alias.','modi-aliquid-omnis-ab-alias','Magni dicta rem occaecati quia. Illo molestiae aut vero doloribus. Omnis eligendi ea quia minus enim nulla. Fugit accusamus voluptates omnis sed aut ut autem.','2019-04-28 21:36:56','2018-05-02 16:46:01'),(116,63,4,'Velit debitis culpa vel nam dolor.','velit-debitis-culpa-vel-nam-dolor','Beatae maxime doloribus modi sed et qui et harum. Autem perspiciatis molestiae qui sit temporibus. Molestias porro sunt ea aut.','2019-04-28 21:36:56','2018-11-20 16:15:26'),(117,63,1,'Sed eum voluptas ut reiciendis dicta quaerat.','sed-eum-voluptas-ut-reiciendis-dicta-quaerat','Doloribus ipsa veniam veniam placeat atque debitis iste in. Consequatur numquam ut dignissimos et aspernatur consequuntur accusamus. Laudantium consectetur et rerum.','2019-04-28 21:36:56','2018-10-11 18:15:21'),(118,64,1,'Necessitatibus ea explicabo praesentium est et temporibus minima ipsam.','necessitatibus-ea-explicabo-praesentium-est-et-temporibus-minima-ipsam','Et voluptatem ullam voluptate quisquam recusandae magni sed. Ullam alias totam cumque molestias ipsum dolor ut. Molestias molestias perspiciatis dicta possimus odio. Voluptatem maxime eum occaecati non unde.','2019-04-28 21:36:56','2018-11-09 17:00:22'),(119,64,2,'Nemo aut qui itaque hic dolorum earum quidem et.','nemo-aut-qui-itaque-hic-dolorum-earum-quidem-et','Dolor quo veritatis libero nobis officia. Et optio placeat odio iste vero autem omnis excepturi. Sit optio architecto ut neque et soluta. Eum ipsa quo hic est. Voluptates dolores et enim aut ut quas voluptate.','2019-04-28 21:36:56','2018-11-07 01:31:58'),(120,64,4,'Ipsam sed asperiores enim modi molestiae.','ipsam-sed-asperiores-enim-modi-molestiae','Ab quas beatae sint repudiandae officiis et accusantium et. Voluptate voluptas illum fugit omnis amet est aut consequuntur. Ratione quibusdam minus labore qui. In id sed modi maxime rem quia quis.','2019-04-28 21:36:56','2018-11-25 18:41:24'),(121,65,3,'Aut unde qui neque temporibus aut quia.','aut-unde-qui-neque-temporibus-aut-quia','Cumque placeat dicta qui. Totam eum fugiat sunt alias. Ut dolores qui quaerat excepturi illum.','2019-04-28 21:36:56','2019-01-30 03:04:34'),(122,67,2,'Ipsa repudiandae blanditiis et voluptas labore eos dolorum.','ipsa-repudiandae-blanditiis-et-voluptas-labore-eos-dolorum','Ut nam hic unde. Eum facilis provident non et. Ipsum alias corrupti sunt qui laboriosam.','2019-04-28 21:36:57','2018-06-06 21:40:57'),(123,67,3,'Iusto eius odit dignissimos ad sunt iste error.','iusto-eius-odit-dignissimos-ad-sunt-iste-error','Tempore deleniti quaerat voluptatem dolorem sit. Quia quod voluptatibus ipsam asperiores labore repellendus.','2019-04-28 21:36:57','2018-05-12 00:32:17'),(124,67,3,'Omnis sit earum sunt voluptatem.','omnis-sit-earum-sunt-voluptatem','Dicta dolorum blanditiis quis alias et mollitia et quidem. Voluptatum libero tenetur at velit dolorem omnis odio. Velit et voluptatem ratione qui eius. Quisquam pariatur quia consectetur facilis rerum iusto architecto. Est qui facilis alias est.','2019-04-28 21:36:57','2019-04-25 07:05:37'),(125,67,4,'At voluptas non dolores animi.','at-voluptas-non-dolores-animi','Nisi molestiae vero sint doloremque voluptas officiis culpa. Et et occaecati provident fugit nobis voluptatibus. Consectetur id assumenda culpa molestiae iure aut.','2019-04-28 21:36:57','2018-12-01 11:14:42'),(126,70,1,'Quo autem eos enim esse.','quo-autem-eos-enim-esse','Eius temporibus dolor ipsum maiores officiis. Ut eligendi voluptatum ipsam. Quisquam voluptate officiis et ad corporis voluptatem. Soluta dicta explicabo est.','2019-04-28 21:36:57','2019-04-26 10:35:12'),(127,70,4,'Odit eos officia blanditiis sunt non suscipit dolores laudantium.','odit-eos-officia-blanditiis-sunt-non-suscipit-dolores-laudantium','Et rerum iste cum quasi. Quo qui quia id consectetur. Enim quae repellat similique sed reiciendis laudantium sequi. Mollitia dignissimos repellendus corrupti.','2019-04-28 21:36:57','2019-03-24 00:00:09'),(128,77,1,'Animi animi et qui reiciendis et provident.','animi-animi-et-qui-reiciendis-et-provident','Reprehenderit in facere quasi fuga rerum eum. Nostrum cum ducimus nesciunt eum. Aut quidem commodi culpa sunt labore voluptatem accusamus. Amet esse totam voluptatem dolor quam molestias voluptate.','2019-04-28 21:36:57','2018-05-02 23:34:34'),(129,77,2,'Rerum consequatur voluptatem praesentium perspiciatis totam rerum.','rerum-consequatur-voluptatem-praesentium-perspiciatis-totam-rerum','Nisi soluta a sit quia molestiae. Rerum vitae rem est maiores.','2019-04-28 21:36:57','2019-04-20 22:12:59'),(130,78,2,'Cumque sit temporibus dolores minima.','cumque-sit-temporibus-dolores-minima','Nesciunt debitis natus numquam veniam eum. Sit sapiente porro eum provident aperiam minus. Expedita autem beatae architecto quos aut soluta. Nisi corrupti rerum dolorem odio excepturi in nulla.','2019-04-28 21:36:58','2019-01-16 17:35:10');
/*!40000 ALTER TABLE `threads` ENABLE KEYS */;
UNLOCK TABLES;

--
-- Table structure for table `topics`
--

DROP TABLE IF EXISTS `topics`;
/*!40101 SET @saved_cs_client     = @@character_set_client */;
/*!40101 SET character_set_client = utf8 */;
CREATE TABLE `topics` (
  `topic_id` int(11) NOT NULL AUTO_INCREMENT,
  `creator_id` int(11) NOT NULL,
  `title` varchar(45) NOT NULL,
  `description` varchar(255) DEFAULT NULL,
  PRIMARY KEY (`topic_id`,`creator_id`),
  UNIQUE KEY `title_UNIQUE` (`title`),
  KEY `fk_topics_users1_idx` (`creator_id`),
  CONSTRAINT `fk_topics_users1` FOREIGN KEY (`creator_id`) REFERENCES `users` (`user_id`) ON DELETE NO ACTION ON UPDATE NO ACTION
) ENGINE=InnoDB AUTO_INCREMENT=5 DEFAULT CHARSET=utf8;
/*!40101 SET character_set_client = @saved_cs_client */;

--
-- Dumping data for table `topics`
--

LOCK TABLES `topics` WRITE;
/*!40000 ALTER TABLE `topics` DISABLE KEYS */;
INSERT INTO `topics` VALUES (1,1,'General','General discussion topics that dont fit into another category'),(2,1,'Programming','Discuss or improve on your development projects or skills\\'),(3,1,'Mechanical','Talk a wide range of mechanical objects'),(4,1,'Electrical','Get help with electrical detail');
/*!40000 ALTER TABLE `topics` ENABLE KEYS */;
UNLOCK TABLES;

--
-- Table structure for table `user_login_log`
--

DROP TABLE IF EXISTS `user_login_log`;
/*!40101 SET @saved_cs_client     = @@character_set_client */;
/*!40101 SET character_set_client = utf8 */;
CREATE TABLE `user_login_log` (
  `user_id` int(11) NOT NULL,
  `ip_address` varchar(45) NOT NULL,
  `login_time` timestamp NOT NULL DEFAULT CURRENT_TIMESTAMP,
  PRIMARY KEY (`user_id`,`login_time`)
) ENGINE=InnoDB DEFAULT CHARSET=utf8;
/*!40101 SET character_set_client = @saved_cs_client */;

--
-- Dumping data for table `user_login_log`
--

LOCK TABLES `user_login_log` WRITE;
/*!40000 ALTER TABLE `user_login_log` DISABLE KEYS */;
/*!40000 ALTER TABLE `user_login_log` ENABLE KEYS */;
UNLOCK TABLES;

--
-- Table structure for table `user_viewed_threads`
--

DROP TABLE IF EXISTS `user_viewed_threads`;
/*!40101 SET @saved_cs_client     = @@character_set_client */;
/*!40101 SET character_set_client = utf8 */;
CREATE TABLE `user_viewed_threads` (
  `user_id` int(11) NOT NULL,
  `thread_id` varchar(45) NOT NULL,
  PRIMARY KEY (`user_id`,`thread_id`)
) ENGINE=InnoDB DEFAULT CHARSET=utf8;
/*!40101 SET character_set_client = @saved_cs_client */;

--
-- Dumping data for table `user_viewed_threads`
--

LOCK TABLES `user_viewed_threads` WRITE;
/*!40000 ALTER TABLE `user_viewed_threads` DISABLE KEYS */;
INSERT INTO `user_viewed_threads` VALUES (1,'130'),(1,'74'),(1,'84'),(1,'96'),(1,'99'),(5,'105'),(5,'112'),(5,'85'),(6,'104'),(6,'108'),(6,'125'),(7,'116'),(8,'130'),(8,'73'),(8,'80'),(9,'123'),(9,'75'),(10,'126'),(10,'99'),(11,'104'),(11,'122'),(11,'127'),(11,'128'),(11,'129'),(11,'97'),(12,'114'),(12,'120'),(12,'122'),(13,'127'),(13,'79'),(14,'87'),(14,'93'),(15,'103'),(15,'78'),(16,'126'),(16,'129'),(17,'108'),(17,'113'),(17,'122'),(17,'76'),(17,'79'),(17,'81'),(18,'114'),(18,'119'),(18,'123'),(18,'129'),(18,'99'),(19,'103'),(19,'129'),(19,'94'),(20,'108'),(20,'110'),(21,'77'),(21,'84'),(22,'101'),(22,'105'),(22,'76'),(22,'85'),(23,'88'),(23,'98'),(24,'101'),(24,'117'),(24,'126'),(24,'79'),(24,'80'),(25,'109'),(25,'111'),(25,'112'),(25,'120'),(25,'122'),(25,'84'),(26,'109'),(26,'90'),(26,'97'),(27,'101'),(27,'106'),(27,'121'),(27,'74'),(27,'75'),(27,'93'),(28,'120'),(28,'89'),(29,'95'),(30,'113'),(30,'77'),(30,'84'),(31,'88'),(31,'92'),(31,'97'),(32,'105'),(32,'83'),(33,'104'),(33,'114'),(33,'124'),(33,'129'),(33,'93'),(34,'102'),(35,'110'),(35,'127'),(35,'91'),(35,'95'),(36,'108'),(36,'114'),(36,'87'),(37,'109'),(37,'124'),(38,'103'),(38,'118'),(38,'129'),(39,'127'),(39,'81'),(40,'106'),(40,'78'),(40,'82'),(41,'104'),(41,'76'),(41,'90'),(41,'92'),(42,'110'),(42,'99'),(43,'96'),(44,'100'),(44,'108'),(44,'128'),(44,'80'),(44,'95'),(45,'107'),(45,'76'),(45,'80'),(46,'106'),(46,'114'),(46,'120'),(46,'74'),(46,'86'),(46,'92'),(47,'110'),(47,'128'),(47,'88'),(49,'123'),(49,'125'),(50,'120'),(50,'84'),(50,'88'),(51,'83'),(52,'114'),(52,'116'),(52,'118'),(52,'76'),(52,'83'),(52,'88'),(52,'90'),(53,'101'),(53,'108'),(53,'111'),(53,'125'),(54,'103'),(54,'76'),(55,'130'),(55,'82'),(55,'94'),(56,'125'),(57,'101'),(57,'106'),(57,'109'),(57,'112'),(57,'124'),(57,'88'),(57,'94'),(58,'119'),(58,'122'),(58,'128'),(58,'91'),(58,'93'),(58,'95'),(59,'108'),(59,'81'),(60,'106'),(60,'123'),(61,'117'),(61,'129'),(61,'73'),(61,'74'),(61,'91'),(62,'78'),(62,'84'),(63,'128'),(63,'80'),(63,'87'),(64,'127'),(64,'78'),(65,'100'),(65,'107'),(65,'118'),(65,'78'),(65,'88'),(66,'126'),(66,'96'),(67,'105'),(67,'110'),(67,'124'),(67,'90'),(68,'109'),(68,'73'),(68,'80'),(68,'95'),(69,'115'),(69,'76'),(69,'82'),(69,'83'),(69,'93'),(70,'77'),(71,'77'),(71,'78'),(72,'102'),(72,'104'),(72,'120'),(72,'80'),(72,'82'),(72,'95'),(73,'109'),(73,'88'),(73,'98'),(74,'102'),(74,'109'),(74,'122'),(74,'126'),(74,'74'),(75,'105'),(75,'125'),(75,'73'),(76,'100'),(76,'118'),(76,'122'),(76,'125'),(77,'117'),(77,'75'),(77,'78'),(77,'83'),(78,'106'),(78,'76'),(78,'94'),(79,'127'),(79,'85'),(79,'90');
/*!40000 ALTER TABLE `user_viewed_threads` ENABLE KEYS */;
UNLOCK TABLES;

--
-- Table structure for table `users`
--

DROP TABLE IF EXISTS `users`;
/*!40101 SET @saved_cs_client     = @@character_set_client */;
/*!40101 SET character_set_client = utf8 */;
CREATE TABLE `users` (
  `user_id` int(11) NOT NULL AUTO_INCREMENT,
  `role_id` int(11) NOT NULL DEFAULT '3',
  `email` varchar(45) NOT NULL,
  `username` varchar(45) NOT NULL,
  `password` varchar(45) NOT NULL,
  `avatar_url` varchar(255) NOT NULL DEFAULT '//www.gravatar.com/avatar/c2d52abc9f91d455e15a48d59fecd746?s=100&d=https%3A%2F%2Fs3.amazonaws.com%2Flaracasts%2Fimages%2Fdefault-square-avatar.jpg',
  `updated_at` timestamp NOT NULL DEFAULT CURRENT_TIMESTAMP ON UPDATE CURRENT_TIMESTAMP,
  `created_at` timestamp NOT NULL DEFAULT CURRENT_TIMESTAMP,
  PRIMARY KEY (`user_id`,`role_id`),
  UNIQUE KEY `username_UNIQUE` (`username`),
  KEY `fk_users_roles_idx` (`role_id`),
  CONSTRAINT `fk_users_roles` FOREIGN KEY (`role_id`) REFERENCES `roles` (`role_id`) ON DELETE NO ACTION ON UPDATE NO ACTION
) ENGINE=InnoDB AUTO_INCREMENT=80 DEFAULT CHARSET=utf8;
/*!40101 SET character_set_client = @saved_cs_client */;

--
-- Dumping data for table `users`
--

LOCK TABLES `users` WRITE;
/*!40000 ALTER TABLE `users` DISABLE KEYS */;
INSERT INTO `users` VALUES (1,1,'marky360@live.ie','marky','2c08e8f5884750a7b99f6f2f342fc638db25ff31','http://www.gravatar.com/avatar/c2d52abc9f91d455e15a48d59fecd746?s=100&d=https%3A%2F%2Fs3.amazonaws.com%2Flaracasts%2Fimages%2Fdefault-square-avatar.jpg','2019-03-09 17:36:15','2019-03-09 17:36:15'),(5,1,'jewell29@example.net','brionna64','99efa50d5552f7e6c0f3cc08e30476c4e4ef080d','http://lorempixel.com/400/200/transport/0/','2019-04-28 21:36:54','2019-04-28 21:36:54'),(6,2,'gjacobs@example.net','okon.fred','031ff8fa6a64115bef57aa4bb4189c22a28670bf','http://lorempixel.com/400/200/transport/2/','2019-04-28 21:36:54','2019-04-28 21:36:54'),(7,4,'hdickinson@example.org','weber.johanna','74b68c3c4791815dd89197f9267b8d7947950476','http://lorempixel.com/400/200/cats/7/','2019-04-28 21:36:54','2019-04-28 21:36:54'),(8,3,'krath@example.com','rippin.ruth','8bb214d706d9f68e307adb23c1fcd0afe8ee6cc9','http://lorempixel.com/400/200/transport/0/','2019-04-28 21:36:54','2019-04-28 21:36:54'),(9,2,'caleigh.sporer@example.org','judy14','195e287ab236e9be8ec1a9600f506b3ba6256ac5','http://lorempixel.com/400/200/people/8/','2019-04-28 21:36:54','2019-04-28 21:36:54'),(10,4,'fisher.kiley@example.com','ahmad85','e36c3ab06e8b569d5e9ba911eb7412011960e0f3','http://lorempixel.com/400/200/transport/3/','2019-04-28 21:36:54','2019-04-28 21:36:54'),(11,3,'demarco.lubowitz@example.net','lindsay.aufderhar','81f01526959e5abe91454f7c6f3bd8d9bf8af422','http://lorempixel.com/400/200/cats/6/','2019-04-28 21:36:54','2019-04-28 21:36:54'),(12,2,'harvey.jonathan@example.net','ashton.graham','99554d3c2a47e95b531d0121e1b7a6510dff57c3','http://lorempixel.com/400/200/transport/2/','2019-04-28 21:36:54','2019-04-28 21:36:54'),(13,1,'amy.barrows@example.org','ldickens','2c2230a0398bdae972d7fc7446365cfc80cb70f1','http://lorempixel.com/400/200/transport/2/','2019-04-28 21:36:54','2019-04-28 21:36:54'),(14,3,'luciano77@example.net','hschaden','297e1d7e36b6ba672b3647308c2714c1bcf96bad','http://lorempixel.com/400/200/cats/9/','2019-04-28 21:36:54','2019-04-28 21:36:54'),(15,4,'jfunk@example.com','lila90','114caf281949bccce4dc2cd3fcfd0dbec8716d11','http://lorempixel.com/400/200/people/4/','2019-04-28 21:36:54','2019-04-28 21:36:54'),(16,1,'ddonnelly@example.net','noe.daniel','d62267f88767f372208f48b04930f60cf4a2520f','http://lorempixel.com/400/200/cats/3/','2019-04-28 21:36:54','2019-04-28 21:36:54'),(17,4,'vhowe@example.net','runolfsson.leopold','4657c51b4ceb734da7cd22c67e8e81a11ca974b1','http://lorempixel.com/400/200/cats/6/','2019-04-28 21:36:55','2019-04-28 21:36:55'),(18,3,'rashawn.halvorson@example.net','fpredovic','f25049594eaa10e9d046a1487562580a614530fa','http://lorempixel.com/400/200/transport/7/','2019-04-28 21:36:55','2019-04-28 21:36:55'),(19,5,'halie76@example.net','letha.smith','2c394e1460d46b3fd6a7ab0518e791779d9ca911','http://lorempixel.com/400/200/people/2/','2019-04-28 21:36:55','2019-04-28 21:36:55'),(20,3,'chasity07@example.com','monroe.cremin','463ca39725f4a5c924626f5e44b2f895220ede91','http://lorempixel.com/400/200/transport/6/','2019-04-28 21:36:55','2019-04-28 21:36:55'),(21,2,'deven72@example.com','sheila.harber','6094bfe99590a361be80f23c723a46f3683a4fbf','http://lorempixel.com/400/200/people/4/','2019-04-28 21:36:55','2019-04-28 21:36:55'),(22,5,'kurt89@example.net','lisette.bosco','18901ceb6c3876e8df280528598c4c46ed54d7d4','http://lorempixel.com/400/200/transport/2/','2019-04-28 21:36:55','2019-04-28 21:36:55'),(23,2,'lyric.armstrong@example.org','stokes.julius','85721ba98ac16ea11060b3f1424284a8b47b846d','http://lorempixel.com/400/200/transport/8/','2019-04-28 21:36:55','2019-04-28 21:36:55'),(24,4,'irowe@example.com','mstoltenberg','e4aff843e81727fa05994d72a40d720e41299504','http://lorempixel.com/400/200/cats/0/','2019-04-28 21:36:55','2019-04-28 21:36:55'),(25,3,'pinkie.crist@example.org','theron83','d3c3fb045a6f9837166e3f1292fbd9051bf2ceb3','http://lorempixel.com/400/200/cats/8/','2019-04-28 21:36:55','2019-04-28 21:36:55'),(26,5,'rromaguera@example.org','walton13','888e171d2984c739af222a64e59a01323b61e1da','http://lorempixel.com/400/200/people/7/','2019-04-28 21:36:55','2019-04-28 21:36:55'),(27,3,'krista18@example.com','conroy.precious','f506903d41977348a5c8f3258d01e1d58c0a8f0a','http://lorempixel.com/400/200/transport/7/','2019-04-28 21:36:55','2019-04-28 21:36:55'),(28,5,'beau95@example.com','cronin.garnet','20d46f9e318d8dc507b0c063a0fbc1bca9448c01','http://lorempixel.com/400/200/people/2/','2019-04-28 21:36:55','2019-04-28 21:36:55'),(29,2,'oscar78@example.org','payton.johnson','5dca63f9de9949e7d742935422463b88c15821a2','http://lorempixel.com/400/200/transport/6/','2019-04-28 21:36:55','2019-04-28 21:36:55'),(30,4,'qgutkowski@example.net','bnicolas','b1a69826636afa9bdb90e70eabcfb97314b96644','http://lorempixel.com/400/200/people/4/','2019-04-28 21:36:55','2019-04-28 21:36:55'),(31,5,'crona.franz@example.net','ccormier','4ed6660cbb4308520e7c80503d5a1d3bef1736fb','http://lorempixel.com/400/200/cats/2/','2019-04-28 21:36:55','2019-04-28 21:36:55'),(32,2,'pierre.smitham@example.com','marge.little','ae5f0d48f6ec6dac1dfdc9f856cdba4eaeb1bca1','http://lorempixel.com/400/200/cats/0/','2019-04-28 21:36:55','2019-04-28 21:36:55'),(33,1,'john20@example.org','bschroeder','822cf413f59c43fab059738ca06f69ca3129620c','http://lorempixel.com/400/200/transport/3/','2019-04-28 21:36:55','2019-04-28 21:36:55'),(34,3,'dietrich.quinton@example.net','estell66','c955ba6fd5e1b39fafa41f490c6a62d4599e0cfc','http://lorempixel.com/400/200/transport/9/','2019-04-28 21:36:55','2019-04-28 21:36:55'),(35,2,'zfarrell@example.com','greyson.blanda','82365cef6cb96531332c0863fd7aa49e22aeecc0','http://lorempixel.com/400/200/people/7/','2019-04-28 21:36:55','2019-04-28 21:36:55'),(36,3,'kathryne18@example.com','schroeder.marcellus','eedcc51a4f02640d59dc7880771dc1eefc5ef493','http://lorempixel.com/400/200/people/3/','2019-04-28 21:36:55','2019-04-28 21:36:55'),(37,1,'viola.rolfson@example.net','rhiannon54','b5b4e766a842c6ad862d86e4c3f4d7616467ab28','http://lorempixel.com/400/200/cats/4/','2019-04-28 21:36:55','2019-04-28 21:36:55'),(38,2,'toy.therese@example.com','henriette05','65ee2b64da3c16c8d68f0db0cb2f62bfc9197532','http://lorempixel.com/400/200/cats/7/','2019-04-28 21:36:55','2019-04-28 21:36:55'),(39,4,'lakin.mark@example.org','purdy.salvatore','23935fa1d80f1bad2fad3f4c1b036f13df5c1d30','http://lorempixel.com/400/200/people/3/','2019-04-28 21:36:55','2019-04-28 21:36:55'),(40,3,'schinner.litzy@example.org','sanderson','b06ec4cc8cc653671474ad951b5654aed5bb67ae','http://lorempixel.com/400/200/cats/1/','2019-04-28 21:36:55','2019-04-28 21:36:55'),(41,2,'schroeder.gideon@example.org','schultz.anika','291231b0b7f421e242758271f46770f71b2c5f80','http://lorempixel.com/400/200/transport/2/','2019-04-28 21:36:55','2019-04-28 21:36:55'),(42,4,'franecki.carole@example.org','sherwood.corkery','42ae43505e1bb82c9f2eba0996babb58c7cb9459','http://lorempixel.com/400/200/transport/7/','2019-04-28 21:36:55','2019-04-28 21:36:55'),(43,3,'felipe33@example.org','ibrekke','1a9e65fca12db215743ad001d0127efb08144f22','http://lorempixel.com/400/200/people/1/','2019-04-28 21:36:55','2019-04-28 21:36:55'),(44,3,'dora29@example.net','michale.fahey','3821edd89506910e73989c771616b1c06783c46a','http://lorempixel.com/400/200/cats/1/','2019-04-28 21:36:55','2019-04-28 21:36:55'),(45,3,'marlin36@example.net','wlynch','3a09a4fefcede9cedfcd11f88c3c5c39cf4c073c','http://lorempixel.com/400/200/cats/5/','2019-04-28 21:36:55','2019-04-28 21:36:55'),(46,1,'demarco.bruen@example.com','joshuah82','7f346443312456d5f9b097d1f0ecf361c30d83c4','http://lorempixel.com/400/200/people/1/','2019-04-28 21:36:55','2019-04-28 21:36:55'),(47,1,'adela30@example.org','adolphus.roob','04f77ea9603551466f66479d3b5b22cb12bb3868','http://lorempixel.com/400/200/people/10/','2019-04-28 21:36:55','2019-04-28 21:36:55'),(48,2,'rylee.gutkowski@example.org','erika.hermann','993d1f9b58615722ba1a839d0c7eaab50ec57e23','http://lorempixel.com/400/200/transport/8/','2019-04-28 21:36:55','2019-04-28 21:36:55'),(49,1,'owilliamson@example.com','uwill','7bbad270b1fd2abf2bbd04fc0c34deb95fd37ad8','http://lorempixel.com/400/200/cats/2/','2019-04-28 21:36:55','2019-04-28 21:36:55'),(50,2,'sylvan06@example.org','uluettgen','3334b439b205c0924ff866f25085b7e17a77622f','http://lorempixel.com/400/200/transport/0/','2019-04-28 21:36:56','2019-04-28 21:36:56'),(51,2,'ookuneva@example.org','xavier16','ba1fad2d5dcb747ca232b8a1c4545f8f48300752','http://lorempixel.com/400/200/people/3/','2019-04-28 21:36:56','2019-04-28 21:36:56'),(52,3,'ddibbert@example.org','german99','30e93743073702b4628c00c9d642ba82af2ae52e','http://lorempixel.com/400/200/people/8/','2019-04-28 21:36:56','2019-04-28 21:36:56'),(53,2,'nschumm@example.com','raegan21','21bf3b8d221ad7577ed6dc4093db168360be8b9e','http://lorempixel.com/400/200/cats/1/','2019-04-28 21:36:56','2019-04-28 21:36:56'),(54,2,'joshuah.durgan@example.org','hnienow','6968e94974ba05f883d69eff4416c7da7c315b64','http://lorempixel.com/400/200/transport/1/','2019-04-28 21:36:56','2019-04-28 21:36:56'),(55,5,'brigitte.corwin@example.com','brandt17','6903d5477394e91e790e453998ee7772636adae5','http://lorempixel.com/400/200/people/1/','2019-04-28 21:36:56','2019-04-28 21:36:56'),(56,4,'odare@example.net','reyes00','51891a52d8ee981e60a1c43e7a04f8a7edd5a8da','http://lorempixel.com/400/200/transport/6/','2019-04-28 21:36:56','2019-04-28 21:36:56'),(57,4,'kmueller@example.net','roscoe.hirthe','241f0af1e534805165381574fc1f75b1191b6226','http://lorempixel.com/400/200/people/8/','2019-04-28 21:36:56','2019-04-28 21:36:56'),(58,5,'mbauch@example.org','amurazik','94c85aa124bc325adc1d7a19f8fde3bd330cfbf5','http://lorempixel.com/400/200/cats/9/','2019-04-28 21:36:56','2019-04-28 21:36:56'),(59,5,'fisher.lula@example.net','jadyn.mohr','d682b102ac16194b3a2c6e65c3110937575e2556','http://lorempixel.com/400/200/people/2/','2019-04-28 21:36:56','2019-04-28 21:36:56'),(60,2,'oreilly.norberto@example.org','ritchie.jamey','534294628adc7945dc57c133d53861895414b805','http://lorempixel.com/400/200/cats/6/','2019-04-28 21:36:56','2019-04-28 21:36:56'),(61,2,'angus38@example.net','alycia.willms','4f4b4b9786dae254d2b066ecae7a537f2893ac98','http://lorempixel.com/400/200/transport/7/','2019-04-28 21:36:56','2019-04-28 21:36:56'),(62,2,'freida.west@example.com','nelle03','1090c5549069affbf11c70a143b24f79597e8adf','http://lorempixel.com/400/200/cats/10/','2019-04-28 21:36:56','2019-04-28 21:36:56'),(63,2,'schroeder.bartholome@example.net','greyson69','9e7a220d270f85b18eb4706560e358ee37253d11','http://lorempixel.com/400/200/transport/8/','2019-04-28 21:36:56','2019-04-28 21:36:56'),(64,4,'christina71@example.com','ledner.antwon','3e7a065d31461fe9f87b1b2ddf61e22e77367e6f','http://lorempixel.com/400/200/cats/8/','2019-04-28 21:36:56','2019-04-28 21:36:56'),(65,3,'florida97@example.com','purdy.leonardo','4e664112d6d329d09297634b333a45c0a8563b74','http://lorempixel.com/400/200/cats/0/','2019-04-28 21:36:56','2019-04-28 21:36:56'),(66,1,'granville85@example.net','mcglynn.brian','6d386e400e67fc8ebfda457bd5bae7dab815b623','http://lorempixel.com/400/200/transport/4/','2019-04-28 21:36:57','2019-04-28 21:36:57'),(67,5,'rachael.stroman@example.net','jorge59','abd4608c808386681d6b33ea09ede73b49e41b5f','http://lorempixel.com/400/200/people/4/','2019-04-28 21:36:57','2019-04-28 21:36:57'),(68,2,'heller.aurelia@example.net','hkrajcik','d6b239d6948062487abf379692ab7dd0051355c8','http://lorempixel.com/400/200/people/0/','2019-04-28 21:36:57','2019-04-28 21:36:57'),(69,1,'buckridge.eudora@example.com','lelia.wisoky','5cc923b3487b6e403e871da5a122369335a27f30','http://lorempixel.com/400/200/cats/7/','2019-04-28 21:36:57','2019-04-28 21:36:57'),(70,5,'lucious73@example.org','suzanne67','6cea5efa5057e7aae2f4692b3507afad40893d80','http://lorempixel.com/400/200/transport/0/','2019-04-28 21:36:57','2019-04-28 21:36:57'),(71,2,'tyler.balistreri@example.org','hfranecki','35117347e3effc2da30e455b0fdf822d4dd44e14','http://lorempixel.com/400/200/cats/5/','2019-04-28 21:36:57','2019-04-28 21:36:57'),(72,4,'ignacio94@example.net','kenyatta12','d002bf860d85f27a8e8550f111bc8cc54b9bc98c','http://lorempixel.com/400/200/transport/7/','2019-04-28 21:36:57','2019-04-28 21:36:57'),(73,2,'fahey.willow@example.com','friesen.jennings','a309ecc668ea02958e42fdc8b31d7c2c9e0d948d','http://lorempixel.com/400/200/cats/6/','2019-04-28 21:36:57','2019-04-28 21:36:57'),(74,4,'joshua.denesik@example.net','dooley.alanis','b7d0a0d8ff9acc0ecca04f061b349bce650f91a5','http://lorempixel.com/400/200/cats/8/','2019-04-28 21:36:57','2019-04-28 21:36:57'),(75,5,'pmorar@example.org','blakin','8941847a8271d3fff63fcdcfde13042d68763cb7','http://lorempixel.com/400/200/transport/8/','2019-04-28 21:36:57','2019-04-28 21:36:57'),(76,2,'xmcdermott@example.org','margaretta11','3783c21fc353379c44a8fe72207b71b55176ac3e','http://lorempixel.com/400/200/people/8/','2019-04-28 21:36:57','2019-04-28 21:36:57'),(77,4,'kelly53@example.com','denis.adams','56252b6954998fc03c4ce5c124f5f75cd9b585e2','http://lorempixel.com/400/200/people/9/','2019-04-28 21:36:57','2019-04-28 21:36:57'),(78,3,'adelia.ryan@example.org','douglas.guillermo','7d9fc3bacb4a65d70a3f2cceb5fa9fd533b77212','http://lorempixel.com/400/200/transport/4/','2019-04-28 21:36:58','2019-04-28 21:36:58'),(79,1,'aileen74@example.org','gibson.rosalia','4e6491047ad0e5ea37268dc4b71ece94b835d29a','http://lorempixel.com/400/200/cats/1/','2019-04-28 21:36:58','2019-04-28 21:36:58');
/*!40000 ALTER TABLE `users` ENABLE KEYS */;
UNLOCK TABLES;

--
-- Dumping events for database 'ThreadCount'
--

--
-- Dumping routines for database 'ThreadCount'
--
/*!40103 SET TIME_ZONE=@OLD_TIME_ZONE */;

/*!40101 SET SQL_MODE=@OLD_SQL_MODE */;
/*!40014 SET FOREIGN_KEY_CHECKS=@OLD_FOREIGN_KEY_CHECKS */;
/*!40014 SET UNIQUE_CHECKS=@OLD_UNIQUE_CHECKS */;
/*!40101 SET CHARACTER_SET_CLIENT=@OLD_CHARACTER_SET_CLIENT */;
/*!40101 SET CHARACTER_SET_RESULTS=@OLD_CHARACTER_SET_RESULTS */;
/*!40101 SET COLLATION_CONNECTION=@OLD_COLLATION_CONNECTION */;
/*!40111 SET SQL_NOTES=@OLD_SQL_NOTES */;

-- Dump completed on 2019-04-28 23:44:28
